,price,totsp,livesp,kitsp,dist,metrdist,walk,brick,floor,code
0,95.0,64.0,45.0,6.0,14.5,10.0,1.0,0.0,1.0,2
1,110.0,75.0,43.0,10.0,13.5,15.0,0.0,0.0,1.0,6
2,180.0,72.0,45.0,10.0,3.0,3.0,1.0,1.0,1.0,1
3,106.0,58.0,44.0,6.0,,10.0,0.0,0.0,0.0,4
4,86.0,56.0,42.0,5.0,,5.0,1.0,1.0,0.0,5
5,165.0,76.0,52.0,9.0,8.0,2.0,1.0,1.0,1.0,1
6,125.0,83.0,48.0,9.0,12.0,3.0,1.0,0.0,1.0,5
7,110.0,83.0,47.0,10.0,17.0,10.0,1.0,0.0,1.0,4
8,138.0,73.0,52.0,9.0,10.5,15.0,1.0,1.0,1.0,3
9,95.0,65.0,46.0,8.0,13.5,7.0,0.0,0.0,0.0,6
10,288.0,106.0,71.0,9.0,9.0,10.0,1.0,1.0,1.0,3
11,90.0,51.0,35.0,6.0,7.0,3.0,1.0,0.0,1.0,4
12,85.0,60.0,43.0,6.0,12.0,5.0,1.0,1.0,1.0,7
13,133.0,85.0,50.0,9.0,12.0,10.0,0.0,0.0,1.0,7
14,123.0,70.0,47.0,8.0,12.0,7.0,0.0,0.0,1.0,7
15,183.6,80.0,40.0,25.0,10.5,10.0,0.0,0.0,1.0,3
16,145.0,85.0,54.0,11.0,8.0,10.0,0.0,1.0,1.0,1
17,78.0,55.0,37.0,6.0,11.5,2.0,1.0,1.0,1.0,6
18,102.0,58.0,38.0,6.0,15.5,8.0,1.0,0.0,1.0,1
19,130.0,72.0,42.0,9.0,12.0,5.0,1.0,0.0,1.0,1
20,79.0,51.0,34.0,6.0,13.5,10.0,1.0,0.0,1.0,6
21,114.0,74.0,44.0,11.0,12.7,10.0,1.0,0.0,1.0,5
22,150.0,80.0,53.0,8.0,9.0,3.0,1.0,1.0,1.0,4
23,115.0,80.0,45.0,10.0,,10.0,0.0,0.0,1.0,6
24,189.6,88.0,61.0,9.0,10.5,15.0,1.0,1.0,1.0,3
25,77.0,61.0,45.0,6.0,13.5,5.0,0.0,0.0,0.0,6
26,217.2,86.0,51.0,11.0,10.5,10.0,0.0,0.0,0.0,3
27,130.0,83.0,48.0,9.0,,5.0,1.0,0.0,1.0,5
28,104.0,73.0,44.0,10.0,13.0,5.0,0.0,0.0,1.0,5
29,200.0,101.0,68.0,10.0,11.0,10.0,1.0,1.0,1.0,8
30,76.0,53.0,39.0,6.0,12.0,10.0,1.0,0.0,1.0,5
31,128.0,78.0,54.0,9.0,6.5,5.0,1.0,0.0,1.0,5
32,140.0,80.0,45.0,13.0,13.5,5.0,0.0,0.0,1.0,1
33,155.0,85.0,53.0,7.0,4.5,10.0,1.0,0.0,0.0,8
34,140.0,86.0,51.0,10.0,12.7,10.0,1.0,0.0,1.0,5
35,108.0,60.0,45.0,5.0,10.5,10.0,0.0,0.0,1.0,3
36,112.0,63.0,35.0,8.0,11.0,7.0,1.0,0.0,1.0,8
37,117.0,81.0,46.0,10.0,,10.0,1.0,0.0,1.0,2
38,132.0,70.0,42.0,10.0,14.5,7.0,0.0,0.0,1.0,3
39,190.8,107.0,64.0,13.0,14.5,10.0,0.0,1.0,1.0,3
40,100.0,70.0,44.0,8.0,15.5,7.0,0.0,0.0,0.0,1
41,230.4,123.0,68.0,16.0,14.5,10.0,0.0,0.0,0.0,3
42,120.0,59.0,45.0,6.0,3.0,3.0,1.0,0.0,1.0,1
43,88.0,63.0,37.0,8.0,13.0,5.0,0.0,0.0,1.0,5
44,100.0,80.0,51.0,10.0,,10.0,0.0,0.0,1.0,6
45,122.0,81.0,46.0,13.0,12.0,15.0,1.0,0.0,1.0,5
46,103.0,77.0,46.0,11.0,13.0,5.0,0.0,0.0,1.0,5
47,140.0,77.0,46.0,10.0,8.0,10.0,1.0,0.0,1.0,1
48,174.0,62.0,41.0,9.0,9.0,5.0,1.0,0.0,1.0,3
49,95.0,82.0,50.0,10.0,12.0,10.0,0.0,0.0,1.0,5
50,222.0,134.0,75.0,16.0,12.0,5.0,1.0,0.0,1.0,7
51,128.0,83.0,44.0,10.0,7.0,2.0,1.0,0.0,1.0,5
52,120.0,63.0,43.0,9.0,,1.0,1.0,0.0,0.0,8
53,124.0,77.0,44.0,10.0,14.5,5.0,0.0,0.0,1.0,2
54,177.0,80.0,50.0,9.0,,2.0,1.0,0.0,0.0,8
55,144.0,75.0,45.0,10.0,14.5,10.0,0.0,0.0,1.0,3
56,169.0,80.0,50.0,8.0,10.0,5.0,1.0,1.0,1.0,6
57,210.0,79.0,53.0,8.0,7.0,5.0,1.0,1.0,1.0,4
58,95.0,63.0,38.0,8.0,12.5,5.0,1.0,0.0,1.0,2
59,134.0,84.0,52.0,8.0,12.0,7.0,1.0,1.0,1.0,8
60,80.0,58.0,43.0,6.0,10.0,10.0,1.0,1.0,1.0,6
61,160.0,73.0,41.0,8.0,7.0,5.0,0.0,0.0,0.0,4
62,90.0,64.0,39.0,9.0,6.0,5.0,0.0,1.0,1.0,6
63,95.0,57.0,41.0,6.0,4.5,7.0,1.0,1.0,0.0,8
64,85.0,57.0,37.0,5.0,12.0,7.0,0.0,0.0,1.0,8
65,150.0,75.0,52.0,9.0,10.5,5.0,0.0,1.0,1.0,3
66,101.0,55.0,39.0,6.0,4.5,12.0,1.0,1.0,0.0,8
67,126.0,83.0,50.0,9.0,14.5,15.0,1.0,0.0,0.0,2
68,105.6,51.0,34.0,6.0,14.5,10.0,1.0,0.0,1.0,3
69,80.0,52.0,34.0,6.0,17.0,10.0,1.0,0.0,0.0,4
70,145.0,81.0,46.0,10.0,15.5,5.0,1.0,0.0,1.0,1
71,168.0,87.0,57.0,7.0,10.5,3.0,1.0,1.0,1.0,3
72,460.0,153.0,84.0,18.0,,5.0,1.0,1.0,1.0,4
73,138.0,66.0,44.0,14.0,4.5,2.0,1.0,0.0,1.0,8
74,94.0,61.0,38.0,9.0,,5.0,0.0,0.0,1.0,7
75,153.6,57.0,38.0,6.0,,5.0,1.0,1.0,1.0,3
76,115.0,66.0,40.0,8.0,12.5,5.0,1.0,0.0,0.0,2
77,210.0,79.0,47.0,9.0,14.5,7.0,1.0,1.0,1.0,3
78,121.0,81.0,46.0,8.0,12.0,2.0,1.0,0.0,1.0,5
79,112.0,75.0,42.0,10.0,12.0,5.0,0.0,0.0,1.0,5
80,105.0,75.0,46.0,10.0,13.0,7.0,0.0,0.0,0.0,5
81,110.0,60.0,37.0,9.0,12.5,7.0,1.0,0.0,1.0,2
82,100.8,60.0,43.0,6.0,14.5,5.0,0.0,0.0,1.0,3
83,185.0,95.0,57.0,12.0,,5.0,1.0,0.0,0.0,4
84,123.0,74.0,48.0,10.0,12.5,15.0,1.0,0.0,1.0,2
85,92.0,63.0,38.0,8.0,12.0,10.0,0.0,0.0,1.0,8
86,129.0,66.0,44.0,9.0,9.0,15.0,1.0,0.0,0.0,4
87,95.0,62.0,45.0,7.0,12.5,10.0,1.0,1.0,1.0,2
88,105.0,56.0,43.0,6.0,3.0,10.0,1.0,1.0,1.0,1
89,128.0,70.0,50.0,8.0,5.0,5.0,1.0,1.0,0.0,4
90,98.4,60.0,44.0,6.0,14.5,7.0,0.0,0.0,1.0,3
91,130.0,75.0,45.0,10.0,12.0,10.0,0.0,0.0,1.0,8
92,115.0,68.0,43.0,9.0,,5.0,1.0,0.0,1.0,2
93,130.0,74.0,53.0,7.0,4.5,7.0,1.0,1.0,1.0,8
94,230.0,80.0,46.0,13.0,5.0,4.0,1.0,1.0,1.0,4
95,98.0,58.0,42.0,6.0,12.0,10.0,1.0,1.0,1.0,8
96,155.0,64.0,36.0,8.0,8.0,7.0,1.0,1.0,0.0,1
97,92.0,66.0,44.0,9.0,11.5,7.0,1.0,0.0,0.0,6
98,95.0,67.0,45.0,10.0,12.0,10.0,0.0,0.0,1.0,8
99,108.0,56.0,41.0,6.0,3.5,5.0,1.0,1.0,0.0,7
100,125.0,93.0,66.0,9.0,6.0,5.0,1.0,1.0,0.0,6
101,150.0,75.0,46.0,11.0,9.0,15.0,1.0,0.0,1.0,4
102,80.0,60.0,44.0,6.0,13.5,5.0,1.0,0.0,1.0,6
103,125.0,77.0,40.0,11.0,13.0,10.0,0.0,1.0,1.0,5
104,77.0,58.0,37.0,5.0,7.0,12.0,0.0,0.0,1.0,5
105,140.0,78.0,46.0,11.0,12.0,5.0,1.0,0.0,1.0,8
106,125.0,78.0,52.0,7.0,11.0,7.0,1.0,1.0,1.0,8
107,153.0,76.0,46.0,10.0,9.0,5.0,0.0,0.0,1.0,4
108,115.0,80.0,54.0,12.0,12.7,5.0,0.0,0.0,1.0,5
109,99.6,53.0,34.0,6.0,14.5,8.0,0.0,0.0,0.0,3
110,135.0,72.0,49.0,8.0,8.0,5.0,0.0,1.0,1.0,1
111,92.0,60.0,44.0,6.0,12.0,5.0,0.0,0.0,1.0,7
112,85.0,59.0,40.0,6.0,10.0,5.0,0.0,0.0,1.0,6
113,115.0,74.0,54.0,9.0,,12.0,1.0,1.0,0.0,8
114,105.0,64.0,38.0,8.0,14.5,10.0,0.0,0.0,1.0,2
115,156.0,56.0,41.0,6.0,9.0,5.0,1.0,1.0,0.0,3
116,86.0,55.0,40.0,5.0,7.0,2.0,0.0,0.0,1.0,4
117,135.0,80.0,51.0,13.0,13.5,5.0,0.0,0.0,1.0,1
118,97.2,58.0,40.0,6.0,12.5,7.0,1.0,1.0,1.0,3
119,105.0,67.0,45.0,8.0,7.5,5.0,0.0,0.0,0.0,8
120,93.0,59.0,39.0,6.0,15.5,10.0,1.0,0.0,1.0,1
121,130.0,81.0,49.0,9.0,13.0,10.0,0.0,1.0,1.0,5
122,99.0,60.0,44.0,6.0,12.5,10.0,1.0,0.0,1.0,2
123,93.0,64.0,45.0,7.0,14.5,3.0,1.0,0.0,1.0,2
124,112.0,76.0,46.0,10.0,12.0,10.0,0.0,0.0,1.0,7
125,144.0,77.0,43.0,8.0,10.5,10.0,0.0,0.0,1.0,3
126,84.0,59.0,44.0,6.0,12.0,10.0,1.0,0.0,1.0,5
127,252.0,72.0,49.0,7.0,7.5,5.0,1.0,1.0,1.0,3
128,145.0,73.0,45.0,7.0,9.0,1.0,1.0,1.0,1.0,4
129,112.8,64.0,45.0,7.0,14.5,10.0,0.0,0.0,1.0,3
130,240.0,105.0,55.0,23.0,10.0,5.0,1.0,0.0,1.0,6
131,103.0,64.0,40.0,8.0,17.0,5.0,1.0,0.0,1.0,2
132,108.0,66.0,43.0,7.0,17.0,5.0,1.0,0.0,1.0,4
133,108.0,76.0,46.0,10.0,12.0,10.0,1.0,0.0,1.0,5
134,220.0,81.0,46.0,13.0,9.0,7.0,1.0,0.0,1.0,4
135,124.0,96.0,52.0,10.0,13.5,5.0,1.0,0.0,1.0,1
136,135.0,80.0,47.0,9.0,12.0,7.0,0.0,0.0,1.0,5
137,95.0,64.0,40.0,8.0,15.5,15.0,1.0,0.0,1.0,1
138,87.0,61.0,43.0,6.0,12.0,15.0,1.0,0.0,1.0,7
139,155.0,81.0,44.0,10.0,13.5,10.0,0.0,0.0,1.0,6
140,125.0,76.0,45.0,10.0,15.5,10.0,0.0,0.0,1.0,1
141,92.0,62.0,39.0,7.0,12.0,10.0,1.0,0.0,1.0,5
142,118.0,86.0,54.0,10.0,12.0,15.0,1.0,0.0,1.0,5
143,135.0,75.0,46.0,10.0,7.0,12.0,0.0,0.0,1.0,4
144,160.0,80.0,51.0,13.0,7.5,5.0,1.0,1.0,1.0,8
145,120.0,81.0,48.0,8.0,13.0,7.0,1.0,0.0,1.0,5
146,119.0,77.0,45.0,10.0,13.0,10.0,0.0,0.0,1.0,5
147,125.0,78.0,45.0,10.0,12.0,7.0,0.0,0.0,1.0,7
148,95.0,51.0,34.0,6.0,12.0,5.0,0.0,0.0,1.0,8
149,138.0,77.0,45.0,11.0,10.5,10.0,1.0,0.0,1.0,7
150,153.0,75.0,45.0,10.0,7.0,15.0,1.0,0.0,0.0,4
151,198.0,65.0,45.0,9.0,9.0,10.0,1.0,1.0,1.0,3
152,80.0,54.0,35.0,6.0,12.0,8.0,1.0,1.0,0.0,7
153,110.0,77.0,46.0,8.0,12.0,12.0,0.0,0.0,0.0,7
154,117.0,78.0,44.0,10.0,12.0,5.0,1.0,0.0,1.0,5
155,96.0,60.0,43.0,6.0,13.5,10.0,1.0,0.0,1.0,6
156,181.2,111.0,64.0,16.0,,10.0,0.0,1.0,1.0,3
157,180.0,79.0,45.0,10.0,8.0,15.0,1.0,0.0,1.0,1
158,120.0,75.0,45.0,10.0,13.5,10.0,0.0,0.0,1.0,6
159,135.0,68.0,32.0,13.0,3.0,10.0,1.0,1.0,1.0,1
160,113.0,85.0,46.0,10.0,12.0,15.0,0.0,0.0,1.0,7
161,90.0,60.0,45.0,6.0,13.5,5.0,1.0,0.0,1.0,6
162,149.0,84.0,46.0,10.0,13.5,7.0,0.0,0.0,1.0,1
163,145.0,88.0,52.0,12.0,6.5,7.0,1.0,1.0,1.0,5
164,93.0,59.0,38.0,6.0,13.5,7.0,1.0,0.0,0.0,6
165,170.0,89.0,51.0,12.0,12.7,6.0,1.0,0.0,0.0,5
166,123.0,58.0,40.0,7.0,,5.0,0.0,1.0,1.0,1
167,105.0,66.0,48.0,8.0,12.0,1.0,1.0,0.0,0.0,5
168,115.0,78.0,48.0,10.0,12.0,10.0,0.0,0.0,0.0,7
169,114.0,77.0,45.0,10.0,12.0,10.0,0.0,0.0,1.0,7
170,82.0,62.0,44.0,6.0,12.5,10.0,0.0,0.0,0.0,2
171,110.0,65.0,41.0,11.0,12.5,15.0,1.0,1.0,1.0,8
172,132.0,58.0,43.0,6.0,14.5,10.0,1.0,1.0,1.0,3
173,127.0,74.0,42.0,9.0,12.0,5.0,1.0,0.0,1.0,1
174,131.0,76.0,45.0,10.0,12.0,7.0,1.0,0.0,1.0,1
175,105.0,68.0,41.0,8.0,17.0,5.0,1.0,0.0,0.0,2
176,103.0,64.0,45.0,7.0,15.5,5.0,1.0,0.0,1.0,1
177,125.0,83.0,48.0,9.0,12.0,3.0,1.0,0.0,1.0,5
178,95.0,72.0,44.0,10.0,12.7,10.0,1.0,0.0,0.0,5
179,140.0,81.0,50.0,7.0,12.0,10.0,1.0,1.0,0.0,8
180,97.0,53.0,34.0,6.0,9.0,5.0,1.0,0.0,1.0,4
181,145.0,76.0,48.0,9.0,13.5,10.0,0.0,0.0,1.0,6
182,105.0,75.0,42.0,8.0,13.5,10.0,0.0,0.0,1.0,6
183,185.0,80.0,53.0,9.0,7.5,10.0,1.0,1.0,1.0,8
184,136.79999999999998,79.0,45.0,13.0,14.5,7.0,0.0,0.0,1.0,3
185,130.0,73.0,47.0,9.0,11.0,10.0,1.0,1.0,1.0,5
186,93.0,55.0,39.0,6.0,8.0,10.0,1.0,1.0,0.0,1
187,115.0,80.0,48.0,11.0,12.7,5.0,0.0,0.0,1.0,5
188,95.0,62.0,38.0,8.0,12.5,3.0,1.0,0.0,0.0,2
189,185.0,108.0,65.0,12.0,13.5,10.0,0.0,0.0,1.0,6
190,127.0,92.0,50.0,11.0,6.5,10.0,1.0,0.0,1.0,5
191,222.0,90.0,54.0,13.0,7.5,7.0,1.0,1.0,1.0,3
192,125.0,78.0,38.0,11.0,12.7,10.0,1.0,0.0,1.0,5
193,115.0,77.0,51.0,7.0,5.0,5.0,1.0,1.0,0.0,4
194,113.0,75.0,45.0,10.0,13.0,10.0,1.0,0.0,1.0,5
195,110.0,74.0,45.0,12.0,12.7,1.0,1.0,0.0,0.0,5
196,118.0,68.0,49.0,11.0,7.5,7.0,1.0,0.0,0.0,8
197,120.0,67.0,45.0,7.0,13.5,10.0,1.0,0.0,1.0,1
198,102.0,65.0,44.0,7.0,15.5,5.0,1.0,0.0,1.0,1
199,145.0,69.0,47.0,7.0,3.5,10.0,1.0,1.0,1.0,7
200,200.0,87.0,60.0,15.0,11.5,3.0,1.0,1.0,1.0,6
201,115.0,75.0,42.0,8.0,12.0,15.0,0.0,0.0,1.0,7
202,176.4,111.0,65.0,16.0,14.5,6.0,0.0,1.0,1.0,3
203,145.0,72.0,50.0,7.0,4.5,5.0,1.0,1.0,0.0,8
204,110.0,60.0,45.0,6.0,12.0,5.0,1.0,0.0,1.0,8
205,105.0,76.0,40.0,11.0,12.7,5.0,0.0,0.0,1.0,5
206,110.0,77.0,45.0,10.0,12.0,5.0,0.0,0.0,1.0,5
207,135.0,81.0,53.0,8.0,11.5,4.0,1.0,1.0,1.0,6
208,110.0,80.0,43.0,10.0,12.0,15.0,0.0,0.0,1.0,7
209,115.0,77.0,50.0,9.0,6.0,10.0,1.0,1.0,1.0,6
210,147.0,80.0,45.0,13.0,4.5,15.0,1.0,0.0,1.0,8
211,170.0,77.0,52.0,7.0,3.0,15.0,1.0,1.0,1.0,1
212,97.0,77.0,47.0,9.0,14.5,10.0,1.0,0.0,0.0,2
213,155.0,80.0,46.0,13.0,12.0,15.0,1.0,0.0,0.0,8
214,87.0,56.0,37.0,6.0,7.0,7.0,0.0,0.0,1.0,4
215,118.0,78.0,52.0,9.0,11.0,5.0,1.0,1.0,1.0,5
216,114.0,73.0,44.0,10.0,13.5,10.0,0.0,0.0,0.0,6
217,120.0,76.0,45.0,10.0,,10.0,0.0,0.0,1.0,7
218,120.0,67.0,46.0,10.0,9.0,10.0,1.0,0.0,1.0,4
219,180.0,83.0,58.0,10.0,3.0,10.0,1.0,1.0,1.0,1
220,173.0,80.0,50.0,8.0,6.0,10.0,1.0,1.0,1.0,6
221,127.0,65.0,43.0,7.0,9.0,5.0,0.0,0.0,1.0,4
222,78.0,52.0,34.0,6.0,,15.0,1.0,0.0,1.0,5
223,90.0,65.0,46.0,7.0,14.5,5.0,1.0,0.0,1.0,2
224,105.0,66.0,44.0,7.0,3.5,10.0,1.0,0.0,1.0,7
225,107.0,77.0,46.0,10.0,12.0,10.0,1.0,0.0,1.0,5
226,108.0,66.0,44.0,9.0,12.0,5.0,1.0,0.0,1.0,7
227,135.0,84.0,55.0,11.0,3.0,15.0,1.0,1.0,1.0,1
228,119.0,68.0,45.0,8.0,6.0,10.0,1.0,0.0,1.0,6
229,138.0,68.0,46.0,7.0,14.5,15.0,1.0,0.0,1.0,3
230,180.0,85.0,57.0,10.0,9.0,7.0,1.0,1.0,0.0,3
231,95.0,65.0,45.0,7.0,,12.0,1.0,0.0,1.0,2
232,82.0,55.0,36.0,6.0,10.0,7.0,1.0,0.0,0.0,6
233,105.0,78.0,45.0,10.0,13.0,10.0,0.0,0.0,1.0,5
234,99.0,72.0,50.0,9.0,7.5,10.0,0.0,1.0,1.0,8
235,194.4,90.0,61.0,10.0,10.5,3.0,1.0,1.0,1.0,3
236,216.0,83.0,53.0,8.0,10.5,5.0,1.0,0.0,1.0,3
237,125.0,76.0,47.0,11.0,11.0,7.0,1.0,0.0,1.0,5
238,102.0,55.0,38.0,6.0,10.5,5.0,0.0,1.0,0.0,3
239,140.0,83.0,53.0,12.0,12.0,15.0,0.0,0.0,1.0,7
240,82.0,60.0,45.0,6.0,,10.0,0.0,0.0,1.0,6
241,204.0,71.0,47.0,8.0,7.5,10.0,1.0,1.0,1.0,3
242,133.0,75.0,52.0,9.0,3.0,15.0,1.0,1.0,0.0,1
243,115.0,76.0,45.0,11.0,12.0,5.0,1.0,0.0,1.0,1
244,85.0,59.0,43.0,6.0,13.5,15.0,0.0,0.0,1.0,1
245,116.0,82.0,44.0,10.0,12.7,15.0,1.0,0.0,1.0,5
246,212.0,112.0,60.0,17.0,7.0,10.0,1.0,0.0,1.0,4
247,118.0,78.0,46.0,10.0,13.5,10.0,1.0,0.0,1.0,6
248,96.0,60.0,40.0,8.0,12.5,10.0,1.0,0.0,1.0,2
249,98.0,72.0,44.0,7.0,11.5,7.0,1.0,1.0,0.0,6
250,120.0,80.0,47.0,9.0,13.5,10.0,0.0,0.0,1.0,6
251,175.0,83.0,55.0,9.0,3.0,15.0,1.0,1.0,1.0,1
252,138.0,79.0,47.0,10.0,,10.0,1.0,0.0,1.0,4
253,95.0,67.0,45.0,9.0,13.5,10.0,0.0,0.0,0.0,1
254,150.0,54.0,39.0,6.0,7.0,3.0,1.0,1.0,1.0,4
255,250.0,74.0,47.0,10.0,3.0,5.0,1.0,1.0,0.0,1
256,130.0,74.0,45.0,10.0,12.0,1.0,1.0,0.0,1.0,1
257,107.0,76.0,44.0,9.0,13.0,15.0,1.0,0.0,1.0,5
258,168.0,81.0,55.0,8.0,9.0,7.0,0.0,1.0,0.0,3
259,110.0,79.0,46.0,10.0,13.0,5.0,1.0,0.0,1.0,5
260,169.0,70.0,44.0,8.0,8.0,5.0,1.0,1.0,1.0,1
261,154.79999999999995,99.0,55.0,11.0,10.5,15.0,1.0,0.0,0.0,3
262,115.0,74.0,45.0,10.0,12.7,15.0,1.0,0.0,1.0,5
263,152.0,95.0,62.0,10.0,12.7,5.0,1.0,0.0,1.0,5
264,135.0,79.0,45.0,13.0,15.5,7.0,1.0,0.0,1.0,1
265,99.0,65.0,46.0,6.0,17.0,7.0,1.0,0.0,1.0,2
266,211.2,104.0,55.0,11.0,9.0,5.0,1.0,0.0,1.0,3
267,126.0,74.0,43.0,10.0,12.5,3.0,1.0,0.0,1.0,2
268,95.0,58.0,39.0,6.0,9.0,5.0,1.0,0.0,0.0,4
269,128.0,84.0,53.0,10.0,12.0,5.0,1.0,0.0,1.0,1
270,119.0,78.0,53.0,8.0,10.5,10.0,1.0,1.0,0.0,7
271,85.0,60.0,43.0,6.0,12.0,5.0,1.0,0.0,1.0,5
272,80.0,60.0,44.0,6.0,13.5,10.0,0.0,0.0,1.0,6
273,155.0,75.0,43.0,8.0,7.0,5.0,0.0,0.0,1.0,4
274,85.0,59.0,38.0,6.0,13.5,10.0,1.0,0.0,1.0,6
275,174.0,82.0,47.0,10.0,14.5,15.0,1.0,0.0,1.0,3
276,165.0,90.0,65.0,8.0,6.0,2.0,1.0,1.0,1.0,6
277,96.0,60.0,45.0,6.0,15.5,5.0,1.0,0.0,1.0,1
278,174.0,85.0,52.0,11.0,14.5,5.0,0.0,0.0,1.0,3
279,120.0,72.0,42.0,10.0,14.5,20.0,0.0,0.0,0.0,3
280,100.0,60.0,43.0,7.0,12.5,5.0,1.0,0.0,1.0,2
281,162.0,76.0,50.0,8.0,10.5,15.0,1.0,0.0,1.0,3
282,119.0,80.0,48.0,10.0,12.7,12.0,1.0,0.0,1.0,5
283,94.0,64.0,43.0,9.0,12.0,7.0,1.0,0.0,1.0,5
284,135.0,100.0,50.0,10.0,15.5,10.0,1.0,0.0,1.0,1
285,82.0,57.0,46.0,6.0,12.0,10.0,1.0,1.0,1.0,7
286,137.0,76.0,50.0,15.0,11.0,7.0,1.0,1.0,1.0,8
287,101.0,77.0,45.0,13.0,13.0,10.0,0.0,0.0,1.0,5
288,94.0,61.0,44.0,6.0,12.5,10.0,1.0,0.0,1.0,2
289,83.0,59.0,44.0,6.0,13.5,10.0,0.0,0.0,1.0,6
290,89.0,79.0,52.0,10.0,15.5,10.0,1.0,0.0,1.0,1
291,118.8,67.0,37.0,7.0,10.5,10.0,0.0,1.0,1.0,3
292,198.0,78.0,54.0,8.0,9.0,10.0,1.0,1.0,1.0,3
293,105.0,77.0,46.0,8.0,12.0,15.0,0.0,0.0,0.0,7
294,95.0,57.0,42.0,6.0,6.5,7.0,1.0,1.0,1.0,5
295,94.8,54.0,35.0,5.0,12.5,10.0,0.0,1.0,1.0,3
296,201.0,82.0,55.0,9.0,,7.0,1.0,0.0,1.0,1
297,185.0,76.0,43.0,10.0,8.0,10.0,1.0,0.0,1.0,1
298,127.0,76.0,42.0,10.0,13.5,10.0,0.0,0.0,1.0,6
299,77.0,50.0,34.0,6.0,13.5,2.0,1.0,0.0,1.0,6
300,112.0,63.0,45.0,7.0,13.5,7.0,0.0,0.0,1.0,1
301,360.0,127.0,66.0,15.0,12.5,5.0,1.0,1.0,1.0,3
302,159.6,65.0,47.0,8.0,,5.0,1.0,0.0,1.0,3
303,153.6,68.0,50.0,9.0,12.5,5.0,0.0,0.0,1.0,3
304,95.0,72.0,43.0,12.0,12.7,7.0,0.0,0.0,0.0,5
305,300.0,78.0,47.0,10.0,10.5,7.0,1.0,0.0,1.0,3
306,138.0,63.0,40.0,8.0,12.5,10.0,0.0,0.0,1.0,3
307,180.0,70.0,50.0,9.0,,7.0,1.0,1.0,1.0,3
308,190.0,84.0,55.0,9.0,4.5,5.0,1.0,1.0,1.0,8
309,200.0,121.0,71.0,12.0,10.0,3.0,1.0,0.0,1.0,6
310,147.0,80.0,50.0,8.0,7.5,5.0,0.0,0.0,1.0,8
311,115.0,71.0,42.0,10.0,12.0,5.0,1.0,0.0,0.0,8
312,138.0,66.0,44.0,9.5,4.5,3.0,1.0,0.0,1.0,8
313,162.0,78.0,48.0,11.0,6.5,1.0,1.0,1.0,1.0,2
314,73.0,77.0,45.0,10.0,,7.0,1.0,0.0,1.0,4
315,168.0,85.0,52.0,11.0,9.0,10.0,0.0,0.0,1.0,3
316,137.0,77.0,54.0,8.0,3.5,10.0,1.0,1.0,1.0,7
317,84.0,58.0,43.0,5.0,12.0,15.0,1.0,1.0,0.0,7
318,143.0,77.0,42.0,10.0,6.0,5.0,0.0,0.0,1.0,6
319,150.0,67.0,46.0,8.0,12.5,15.0,1.0,0.0,1.0,3
320,77.0,56.0,38.0,6.0,13.5,10.0,0.0,1.0,0.0,1
321,84.0,60.0,43.0,6.0,,10.0,1.0,0.0,1.0,5
322,132.0,57.0,40.0,5.0,7.5,7.0,1.0,1.0,0.0,3
323,160.0,80.0,51.0,8.0,3.0,10.0,1.0,1.0,1.0,1
324,210.0,81.0,48.0,10.0,3.0,5.0,1.0,1.0,1.0,1
325,170.0,75.0,55.0,8.0,9.0,7.0,1.0,1.0,1.0,4
326,175.0,95.0,48.0,12.0,,2.0,1.0,0.0,0.0,6
327,162.0,82.0,48.0,9.0,,10.0,0.0,0.0,0.0,3
328,113.0,80.0,48.0,8.0,,10.0,1.0,0.0,1.0,5
329,143.0,85.0,52.0,9.0,5.0,8.0,1.0,1.0,1.0,4
330,125.0,82.0,52.0,12.0,13.5,10.0,0.0,0.0,0.0,6
331,156.0,78.0,51.0,8.0,10.5,10.0,0.0,1.0,1.0,3
332,87.0,56.0,37.0,6.0,7.0,7.0,0.0,1.0,1.0,4
333,120.0,76.0,49.0,9.0,3.0,10.0,1.0,1.0,0.0,1
334,114.0,60.0,43.0,6.0,14.5,10.0,1.0,0.0,1.0,3
335,190.0,73.0,54.0,9.0,3.0,10.0,1.0,1.0,1.0,1
336,123.0,83.0,50.0,11.0,12.7,15.0,1.0,0.0,1.0,5
337,110.0,75.0,45.0,8.0,13.5,10.0,0.0,0.0,0.0,6
338,120.0,64.0,43.0,6.0,11.5,2.0,1.0,1.0,1.0,6
339,132.0,59.0,38.0,8.0,14.5,5.0,0.0,0.0,1.0,3
340,105.0,61.0,38.0,8.0,17.0,5.0,1.0,0.0,0.0,2
341,102.0,60.0,43.0,6.0,12.0,5.0,0.0,1.0,1.0,7
342,154.79999999999995,69.0,42.0,9.0,14.5,15.0,1.0,0.0,1.0,3
343,92.0,59.0,41.0,6.0,11.0,10.0,1.0,1.0,1.0,8
344,130.0,67.0,46.0,7.0,9.0,5.0,1.0,1.0,1.0,4
345,96.0,63.0,45.0,6.0,,10.0,1.0,0.0,1.0,2
346,216.0,81.0,50.0,11.0,7.5,5.0,1.0,1.0,0.0,3
347,119.0,74.0,52.0,8.0,10.5,10.0,1.0,1.0,1.0,7
348,105.0,65.0,40.0,8.0,17.0,10.0,1.0,0.0,1.0,2
349,145.0,63.0,41.0,8.0,,3.0,1.0,0.0,1.0,7
350,128.4,56.0,32.0,5.0,7.5,7.0,1.0,1.0,0.0,3
351,102.0,55.0,42.0,6.0,,5.0,1.0,1.0,1.0,3
352,119.0,77.0,53.0,8.0,10.5,10.0,1.0,1.0,0.0,7
353,96.0,52.0,35.0,6.0,14.5,12.0,0.0,0.0,1.0,3
354,145.0,75.0,45.0,10.0,7.0,15.0,1.0,0.0,1.0,4
355,102.0,74.0,43.0,10.0,17.0,12.0,0.0,0.0,1.0,2
356,95.0,64.0,39.0,8.0,12.5,10.0,1.0,0.0,0.0,2
357,212.4,103.0,54.0,11.0,9.0,5.0,1.0,0.0,1.0,3
358,127.0,85.0,46.0,14.0,12.0,7.0,1.0,1.0,1.0,5
359,170.4,70.0,47.0,8.0,,5.0,1.0,0.0,1.0,3
360,81.0,56.0,39.0,6.0,11.5,10.0,1.0,0.0,1.0,6
361,145.0,80.0,46.0,10.0,,2.0,1.0,0.0,0.0,7
362,117.0,70.0,39.0,8.0,12.5,12.0,1.0,1.0,1.0,2
363,180.0,81.0,54.0,9.0,9.0,5.0,0.0,1.0,0.0,3
364,100.0,57.0,43.0,5.0,11.5,10.0,1.0,1.0,1.0,6
365,227.0,134.0,70.0,16.0,9.0,5.0,1.0,0.0,1.0,4
366,125.0,90.0,54.0,8.0,12.0,15.0,0.0,0.0,1.0,7
367,118.0,74.0,44.0,10.0,12.7,4.0,1.0,0.0,1.0,5
368,147.0,75.0,45.0,10.0,7.0,15.0,1.0,0.0,1.0,4
369,105.0,56.0,42.0,6.0,3.0,15.0,1.0,1.0,1.0,1
370,160.0,98.0,52.0,12.0,,7.0,1.0,0.0,1.0,6
371,158.0,78.0,48.0,9.0,,4.0,1.0,1.0,1.0,4
372,110.0,80.0,46.0,10.0,12.0,15.0,0.0,0.0,1.0,7
373,130.0,80.0,45.0,13.0,12.0,5.0,0.0,0.0,1.0,5
374,91.0,60.0,44.0,6.0,12.0,10.0,1.0,1.0,1.0,7
375,135.0,83.0,53.0,9.0,13.5,10.0,0.0,0.0,1.0,1
376,117.6,60.0,44.0,6.0,14.5,15.0,1.0,0.0,1.0,3
377,110.0,83.0,47.0,10.0,17.0,10.0,1.0,0.0,1.0,4
378,85.0,65.0,46.0,7.0,13.0,7.0,0.0,0.0,1.0,5
379,119.0,75.0,46.0,10.0,,7.0,0.0,0.0,0.0,7
380,194.4,71.0,49.0,9.0,9.0,10.0,1.0,1.0,1.0,3
381,92.0,60.0,44.0,6.0,15.5,3.0,1.0,0.0,1.0,1
382,138.0,58.0,41.0,5.0,7.5,7.0,1.0,1.0,0.0,3
383,115.0,74.0,45.0,10.0,13.0,15.0,1.0,0.0,1.0,5
384,108.0,78.0,47.0,10.0,12.0,3.0,1.0,0.0,0.0,5
385,88.0,60.0,43.0,6.0,12.5,5.0,1.0,0.0,1.0,2
386,302.4,132.0,74.0,23.0,12.5,3.0,1.0,1.0,0.0,3
387,144.0,80.0,51.0,10.0,13.5,10.0,1.0,0.0,1.0,1
388,170.0,84.0,55.0,11.0,3.0,15.0,1.0,1.0,0.0,1
389,70.0,52.0,34.0,6.0,12.0,10.0,1.0,0.0,0.0,7
390,98.0,66.0,44.0,7.0,11.5,10.0,1.0,0.0,1.0,6
391,115.0,69.0,46.0,6.0,12.0,5.0,1.0,1.0,1.0,8
392,117.6,74.0,46.0,11.0,12.5,10.0,0.0,1.0,0.0,3
393,125.0,74.0,46.0,8.5,12.0,5.0,1.0,0.0,1.0,5
394,135.0,75.0,46.0,10.0,11.0,10.0,1.0,0.0,1.0,5
395,216.0,85.0,55.0,10.0,,5.0,1.0,1.0,1.0,3
396,112.0,65.0,40.0,8.0,17.0,5.0,1.0,0.0,0.0,2
397,140.0,82.0,47.0,11.0,12.5,10.0,1.0,1.0,0.0,2
398,82.0,62.0,32.0,7.0,6.0,5.0,1.0,1.0,0.0,6
399,340.0,125.0,70.0,18.0,7.0,10.0,0.0,1.0,1.0,4
400,108.0,65.0,40.0,8.0,17.0,5.0,1.0,0.0,1.0,2
401,170.0,80.0,46.0,10.0,10.0,5.0,1.0,0.0,0.0,6
402,450.0,125.0,80.0,20.0,9.0,3.0,1.0,0.0,1.0,4
403,160.0,72.0,50.0,9.0,7.5,5.0,0.0,1.0,1.0,8
404,108.0,66.0,43.0,11.0,,10.0,1.0,0.0,1.0,6
405,107.0,75.0,44.0,10.0,12.7,10.0,1.0,0.0,1.0,5
406,144.0,76.0,43.0,10.0,13.5,10.0,0.0,0.0,1.0,6
407,100.0,65.0,46.0,6.0,15.5,7.0,1.0,0.0,1.0,1
408,97.0,56.0,43.0,5.0,6.5,7.0,1.0,1.0,1.0,5
409,130.0,75.0,48.0,13.0,12.7,5.0,0.0,0.0,1.0,5
410,88.0,60.0,44.0,6.0,12.0,10.0,0.0,0.0,0.0,7
411,103.0,64.0,45.0,7.0,13.5,15.0,1.0,0.0,1.0,1
412,170.0,85.0,50.0,9.0,13.5,9.0,0.0,1.0,1.0,1
413,200.0,88.0,60.0,7.0,3.0,5.0,1.0,1.0,1.0,1
414,80.0,55.0,41.0,5.0,11.5,3.0,1.0,1.0,1.0,6
415,212.0,119.0,70.0,17.0,,5.0,0.0,1.0,1.0,4
416,120.0,80.0,45.0,13.0,12.0,15.0,1.0,0.0,1.0,5
417,135.0,84.0,45.0,11.0,12.0,10.0,0.0,0.0,1.0,7
418,90.0,61.0,45.0,6.0,13.5,15.0,1.0,0.0,1.0,6
419,420.0,113.0,85.0,20.0,9.0,10.0,1.0,0.0,1.0,3
420,110.0,63.0,45.0,7.0,13.5,10.0,1.0,0.0,1.0,1
421,84.0,60.0,45.0,6.0,13.5,7.0,0.0,0.0,1.0,6
422,152.0,108.0,56.0,15.0,,5.0,1.0,1.0,1.0,5
423,95.0,64.0,45.0,6.0,,10.0,1.0,0.0,1.0,2
424,126.0,63.0,43.0,7.0,10.5,15.0,1.0,0.0,1.0,3
425,89.0,61.0,44.0,6.0,,10.0,1.0,0.0,1.0,2
426,163.0,72.0,43.0,9.0,7.0,10.0,0.0,1.0,1.0,4
427,178.0,74.0,46.0,9.0,3.0,3.0,1.0,1.0,0.0,1
428,135.0,77.0,47.0,10.0,13.5,10.0,0.0,0.0,1.0,1
429,132.0,80.0,54.0,10.0,12.0,10.0,1.0,0.0,1.0,1
430,84.0,59.0,45.0,5.0,10.0,15.0,1.0,0.0,1.0,6
431,204.0,78.0,51.0,9.0,10.5,10.0,1.0,1.0,1.0,3
432,79.0,65.0,45.0,7.0,6.0,7.0,1.0,0.0,1.0,6
433,75.0,56.0,37.0,5.0,10.0,5.0,0.0,0.0,1.0,6
434,106.0,76.0,43.0,12.0,13.0,5.0,0.0,0.0,0.0,5
435,87.0,59.0,44.0,6.0,13.5,10.0,1.0,0.0,1.0,1
436,113.0,75.0,51.0,9.0,7.5,10.0,1.0,1.0,0.0,8
437,342.0,90.0,61.0,6.0,14.5,10.0,1.0,0.0,1.0,3
438,115.0,81.0,50.0,8.0,13.0,10.0,1.0,0.0,1.0,5
439,130.0,79.0,46.0,10.0,,10.0,0.0,1.0,1.0,5
440,107.0,73.0,47.0,9.0,17.0,15.0,0.0,1.0,0.0,2
441,150.0,77.0,45.0,10.0,5.0,10.0,1.0,0.0,1.0,4
442,82.0,60.0,41.0,6.0,11.5,5.0,1.0,1.0,1.0,6
443,112.0,60.0,39.0,6.0,3.5,3.0,1.0,0.0,1.0,7
444,85.0,55.0,41.0,5.0,11.0,5.0,0.0,1.0,1.0,8
445,165.0,90.0,58.0,11.0,4.5,7.0,0.0,0.0,1.0,8
446,350.0,80.0,44.0,14.0,10.5,10.0,1.0,1.0,0.0,7
447,130.79999999999998,79.0,45.0,13.0,14.5,7.0,0.0,1.0,1.0,3
448,130.0,74.0,48.0,12.0,,15.0,1.0,1.0,1.0,8
449,106.0,72.0,52.0,9.0,11.5,7.0,0.0,1.0,1.0,6
450,125.0,73.0,52.0,8.0,11.0,10.0,1.0,1.0,1.0,8
451,198.0,65.0,45.0,9.0,9.0,10.0,1.0,1.0,1.0,3
452,89.0,60.0,45.0,6.0,,10.0,0.0,0.0,1.0,1
453,93.0,59.0,38.0,6.0,13.5,10.0,1.0,1.0,0.0,6
454,168.0,70.0,45.0,10.0,9.0,10.0,1.0,0.0,1.0,3
455,130.0,70.0,47.0,8.0,9.0,5.0,1.0,0.0,1.0,4
456,159.0,75.0,48.0,9.0,8.0,10.0,1.0,1.0,1.0,1
457,201.6,105.0,56.0,12.0,9.0,5.0,1.0,0.0,1.0,3
458,125.0,77.0,46.0,10.0,10.5,15.0,1.0,0.0,1.0,7
459,140.0,75.0,54.0,8.0,12.0,5.0,1.0,1.0,0.0,8
460,115.0,77.0,46.0,10.0,12.7,7.0,1.0,0.0,1.0,5
461,134.4,73.0,51.0,8.0,10.5,7.0,0.0,1.0,1.0,3
462,370.8,107.0,72.0,17.0,10.5,1.0,1.0,1.0,1.0,3
463,162.0,72.0,51.0,8.0,9.0,5.0,1.0,1.0,1.0,3
464,105.0,67.0,45.0,9.0,12.0,7.0,0.0,0.0,1.0,7
465,179.0,73.0,47.0,6.0,3.0,10.0,1.0,1.0,1.0,1
466,99.0,72.0,43.0,10.0,,10.0,1.0,0.0,1.0,5
467,100.0,83.0,48.0,10.0,12.0,15.0,0.0,0.0,0.0,7
468,106.0,58.0,42.0,6.0,12.0,5.0,1.0,1.0,1.0,8
469,78.0,56.0,39.0,6.0,12.0,5.0,1.0,1.0,0.0,7
470,90.0,57.0,42.0,6.0,11.0,5.0,1.0,1.0,1.0,5
471,110.0,67.0,41.0,9.0,13.5,10.0,0.0,0.0,0.0,6
472,114.0,75.0,45.0,10.0,12.7,15.0,0.0,0.0,1.0,5
473,258.0,67.0,42.0,9.0,7.5,3.0,1.0,1.0,1.0,3
474,94.8,58.0,41.0,6.0,12.5,5.0,0.0,0.0,0.0,3
475,180.0,81.0,55.0,9.0,9.0,5.0,0.0,1.0,0.0,3
476,80.0,56.0,38.0,5.0,11.5,10.0,1.0,0.0,1.0,6
477,162.0,85.0,53.0,9.0,10.5,7.0,0.0,1.0,0.0,3
478,85.0,65.0,43.0,10.0,12.0,5.0,0.0,0.0,1.0,5
479,83.0,57.0,44.0,6.0,,10.0,0.0,0.0,1.0,4
480,93.0,66.0,39.0,8.0,14.5,15.0,1.0,0.0,1.0,2
481,167.0,74.0,43.0,10.0,14.5,5.0,1.0,0.0,1.0,2
482,264.0,148.0,85.0,14.0,14.5,7.0,0.0,1.0,1.0,3
483,102.0,65.0,44.0,7.0,13.5,10.0,1.0,0.0,1.0,6
484,89.0,60.0,42.0,6.0,12.0,7.0,0.0,0.0,1.0,8
485,88.0,72.0,51.0,9.0,11.5,10.0,0.0,1.0,1.0,6
486,73.0,51.0,34.0,6.0,13.5,10.0,1.0,0.0,1.0,6
487,160.0,84.0,50.0,9.0,12.7,1.0,1.0,0.0,1.0,5
488,318.0,136.0,88.0,14.0,10.5,10.0,1.0,1.0,1.0,3
489,88.0,60.0,43.0,6.0,12.0,5.0,0.0,0.0,0.0,7
490,97.0,63.0,44.0,7.0,11.5,5.0,1.0,0.0,0.0,6
491,85.0,61.0,45.0,6.0,13.5,15.0,1.0,0.0,1.0,6
492,94.0,64.0,45.0,7.0,12.5,12.0,1.0,0.0,1.0,2
493,130.0,78.0,46.0,10.0,14.5,7.0,1.0,0.0,1.0,2
494,84.0,57.0,42.0,5.0,12.7,10.0,1.0,1.0,1.0,5
495,105.0,63.0,39.0,8.0,12.5,10.0,1.0,0.0,1.0,2
496,96.0,60.0,43.0,6.0,12.0,15.0,1.0,0.0,1.0,7
497,103.0,70.0,44.0,10.0,15.5,7.0,1.0,0.0,1.0,1
498,145.0,84.0,53.0,10.0,15.5,15.0,1.0,0.0,1.0,1
499,130.0,82.0,37.0,12.0,6.0,10.0,1.0,0.0,1.0,6
500,110.4,60.0,45.0,6.0,9.0,7.0,0.0,1.0,1.0,3
501,95.0,59.0,43.0,6.0,15.5,5.0,0.0,0.0,1.0,1
502,93.0,70.0,50.0,9.0,12.5,10.0,1.0,0.0,0.0,2
503,123.6,69.0,44.0,9.0,14.5,10.0,0.0,0.0,1.0,3
504,115.0,64.0,45.0,7.0,13.5,5.0,1.0,0.0,1.0,1
505,109.0,75.0,45.0,10.0,13.5,5.0,1.0,0.0,0.0,1
506,175.0,79.0,50.0,9.0,4.5,1.0,1.0,1.0,0.0,8
507,89.0,65.0,40.0,8.0,13.0,7.0,0.0,0.0,1.0,5
508,104.0,67.0,43.0,11.0,12.0,15.0,1.0,0.0,1.0,7
509,115.0,65.0,47.0,8.0,13.5,3.0,1.0,1.0,1.0,1
510,149.0,92.0,50.0,14.0,10.0,7.0,1.0,1.0,1.0,6
511,126.0,64.0,44.0,7.0,8.0,2.0,1.0,0.0,0.0,1
512,105.0,58.0,44.0,5.0,17.0,2.0,1.0,1.0,1.0,2
513,446.4,158.0,80.0,20.0,10.5,10.0,1.0,0.0,1.0,3
514,84.0,58.0,43.0,5.0,12.0,15.0,1.0,1.0,0.0,7
515,99.0,65.0,40.0,8.0,17.0,12.0,1.0,0.0,0.0,2
516,99.0,62.0,39.0,8.0,17.0,10.0,1.0,0.0,1.0,2
517,102.0,56.0,36.0,5.0,10.5,15.0,0.0,0.0,1.0,3
518,93.0,63.0,40.0,8.0,11.0,12.0,1.0,0.0,1.0,5
519,75.0,55.0,36.0,6.0,11.5,10.0,1.0,1.0,1.0,6
520,114.0,76.0,45.0,10.0,,15.0,0.0,0.0,1.0,7
521,140.0,68.0,44.0,10.0,5.0,7.0,1.0,0.0,1.0,4
522,83.0,49.0,34.0,6.0,15.5,5.0,1.0,0.0,1.0,1
523,129.0,80.0,46.0,10.0,12.0,10.0,0.0,0.0,1.0,7
524,130.0,76.0,46.0,11.0,13.0,5.0,0.0,0.0,1.0,5
525,165.0,78.0,46.0,18.0,5.0,10.0,1.0,0.0,1.0,4
526,145.0,74.0,45.0,10.0,15.5,15.0,1.0,0.0,1.0,1
527,288.0,81.0,54.0,8.0,9.0,3.0,1.0,1.0,0.0,3
528,85.0,61.0,43.0,6.0,12.0,15.0,1.0,0.0,1.0,7
529,98.0,61.0,38.0,8.0,12.0,15.0,1.0,0.0,1.0,1
530,105.0,53.0,39.0,5.0,3.5,7.0,1.0,1.0,0.0,7
531,165.0,77.0,44.0,10.0,8.0,10.0,1.0,0.0,1.0,1
532,85.0,58.0,39.0,7.0,7.0,5.0,1.0,0.0,1.0,5
533,95.0,74.0,45.0,8.0,14.5,5.0,0.0,1.0,0.0,2
534,94.8,57.0,43.0,6.0,10.5,10.0,0.0,1.0,1.0,3
535,169.0,84.0,62.0,10.0,6.5,1.0,1.0,0.0,1.0,2
536,91.0,78.0,45.0,10.0,,10.0,1.0,0.0,1.0,4
537,105.0,72.0,52.0,8.0,6.0,15.0,0.0,1.0,1.0,6
538,145.0,76.0,44.0,24.0,12.7,2.0,1.0,0.0,0.0,5
539,99.0,74.0,44.0,10.0,12.0,10.0,0.0,0.0,0.0,7
540,145.0,80.0,53.0,9.0,6.0,2.0,1.0,1.0,1.0,6
541,100.0,75.0,45.0,10.0,13.5,5.0,1.0,0.0,0.0,1
542,96.0,60.0,38.0,6.0,12.0,5.0,0.0,0.0,1.0,7
543,142.0,83.0,45.0,10.0,12.7,15.0,1.0,0.0,1.0,5
544,250.8,99.0,63.0,9.0,9.0,10.0,1.0,1.0,1.0,3
545,145.0,85.0,58.0,8.0,12.0,4.0,1.0,1.0,1.0,8
546,185.0,68.0,47.0,8.0,,5.0,1.0,1.0,1.0,8
547,130.0,77.0,48.0,10.0,17.0,5.0,1.0,0.0,1.0,2
548,125.0,66.0,40.0,10.0,12.0,20.0,1.0,0.0,1.0,8
549,131.0,84.0,60.0,10.0,9.0,10.0,1.0,0.0,1.0,4
550,118.0,67.0,44.0,8.0,6.0,10.0,1.0,0.0,1.0,6
551,120.0,75.0,45.0,9.0,14.5,10.0,0.0,0.0,1.0,3
552,95.0,61.0,38.0,8.0,11.5,7.0,1.0,0.0,1.0,6
553,187.2,79.0,54.0,8.0,9.0,10.0,1.0,1.0,1.0,3
554,73.0,61.0,41.0,6.0,13.0,10.0,0.0,0.0,0.0,5
555,113.0,84.0,54.0,10.0,13.0,5.0,0.0,0.0,1.0,5
556,154.0,75.0,36.0,12.0,7.0,5.0,1.0,0.0,1.0,4
557,120.0,77.0,45.0,10.0,13.0,10.0,1.0,0.0,1.0,5
558,170.0,100.0,57.0,10.0,13.5,15.0,0.0,0.0,0.0,6
559,165.0,74.0,41.0,9.0,6.5,5.0,1.0,1.0,1.0,2
560,100.8,62.0,44.0,7.0,14.5,10.0,0.0,0.0,1.0,3
561,108.0,67.0,45.0,8.0,14.5,5.0,0.0,0.0,1.0,2
562,84.0,60.0,44.0,6.0,13.5,7.0,0.0,0.0,1.0,1
563,264.0,103.0,49.0,13.0,14.5,10.0,1.0,1.0,1.0,3
564,103.2,56.0,39.0,6.0,12.5,10.0,0.0,0.0,1.0,3
565,572.4,119.0,93.0,15.0,,1.0,1.0,0.0,1.0,3
566,185.0,73.0,45.0,8.0,3.0,2.0,1.0,1.0,1.0,1
567,235.2,78.0,46.0,10.0,14.5,5.0,1.0,0.0,1.0,3
568,136.0,74.0,45.0,10.0,13.5,5.0,0.0,0.0,1.0,1
569,160.0,80.0,56.0,9.0,12.0,5.0,1.0,1.0,1.0,8
570,175.2,80.0,46.0,10.0,7.5,10.0,1.0,1.0,1.0,3
571,132.0,78.0,46.0,14.0,12.5,12.0,1.0,0.0,0.0,2
572,108.0,66.0,45.0,10.0,12.0,5.0,1.0,0.0,1.0,7
573,130.0,57.0,42.0,6.0,4.5,5.0,1.0,1.0,1.0,8
574,85.0,61.0,45.0,6.0,,15.0,1.0,0.0,1.0,6
575,123.0,75.0,45.0,10.0,12.7,10.0,1.0,0.0,1.0,5
576,85.0,55.0,40.0,6.0,11.0,5.0,0.0,1.0,1.0,8
577,160.0,90.0,60.0,12.0,12.7,1.0,1.0,1.0,1.0,5
578,105.0,54.0,34.0,6.0,3.5,7.0,1.0,0.0,1.0,7
579,101.0,62.0,43.0,6.0,12.0,15.0,1.0,0.0,1.0,7
580,156.0,70.0,48.0,7.0,9.0,2.0,1.0,0.0,1.0,4
581,210.0,71.0,45.0,15.0,9.0,1.0,1.0,1.0,1.0,4
582,71.0,54.0,34.0,6.0,7.0,7.0,0.0,0.0,0.0,5
583,123.0,66.0,43.0,8.0,10.0,5.0,1.0,1.0,1.0,6
584,546.0,192.0,92.0,18.0,7.5,5.0,1.0,0.0,1.0,3
585,126.0,53.0,36.0,5.0,7.5,10.0,1.0,1.0,0.0,3
586,88.0,55.0,36.0,6.0,9.0,5.0,1.0,1.0,0.0,4
587,115.0,64.0,44.0,7.0,12.0,5.0,0.0,0.0,1.0,7
588,81.0,54.0,36.0,6.0,10.0,10.0,1.0,0.0,1.0,6
589,85.0,59.0,44.0,6.0,9.0,5.0,0.0,0.0,1.0,4
590,146.4,74.0,50.0,8.0,10.5,10.0,1.0,1.0,0.0,3
591,101.0,65.0,44.0,8.0,11.5,7.0,1.0,0.0,1.0,6
592,300.0,92.0,57.0,11.0,9.0,3.0,1.0,1.0,1.0,3
593,132.0,78.0,46.0,10.0,12.5,12.0,1.0,0.0,0.0,2
594,190.0,73.0,41.0,11.0,3.5,1.0,1.0,1.0,1.0,7
595,139.0,68.0,46.0,8.0,9.0,5.0,1.0,0.0,1.0,4
596,132.0,76.0,45.0,10.0,,15.0,0.0,0.0,1.0,3
597,92.0,69.0,47.0,6.0,12.0,10.0,0.0,0.0,0.0,7
598,125.0,64.0,44.0,9.0,12.0,12.0,1.0,0.0,1.0,8
599,125.0,75.0,53.0,8.0,11.0,3.0,1.0,1.0,1.0,8
600,115.0,57.0,38.0,8.0,12.0,5.0,1.0,0.0,1.0,7
601,75.0,79.0,47.0,8.0,17.0,10.0,0.0,0.0,1.0,2
602,87.0,64.0,45.0,9.0,15.5,12.0,1.0,0.0,0.0,1
603,170.0,82.0,52.0,15.0,5.0,1.0,1.0,1.0,1.0,4
604,208.0,115.0,70.0,14.0,10.0,3.0,1.0,1.0,1.0,6
605,120.0,76.0,51.0,9.0,,5.0,1.0,0.0,1.0,6
606,174.0,85.0,52.0,11.0,14.5,5.0,0.0,0.0,1.0,3
607,114.0,58.0,42.0,6.0,7.5,15.0,1.0,1.0,1.0,3
608,130.0,78.0,54.0,8.0,7.5,10.0,0.0,0.0,1.0,8
609,105.0,78.0,50.0,8.0,9.0,10.0,1.0,1.0,0.0,4
610,78.0,58.0,44.0,6.0,7.0,7.0,1.0,0.0,0.0,5
611,113.0,76.0,46.0,10.0,13.0,7.0,1.0,0.0,1.0,5
612,410.0,102.0,75.0,10.0,6.5,5.0,1.0,1.0,1.0,5
613,120.0,69.0,45.0,9.0,7.5,5.0,1.0,0.0,0.0,8
614,154.0,72.0,42.0,11.0,6.5,5.0,1.0,0.0,1.0,2
615,115.2,68.0,45.0,10.0,12.5,15.0,0.0,0.0,1.0,3
616,176.4,74.0,49.0,9.0,7.5,10.0,1.0,1.0,1.0,3
617,75.0,55.0,36.0,6.0,14.5,7.0,0.0,1.0,0.0,2
618,86.0,60.0,42.0,7.0,12.0,10.0,0.0,0.0,1.0,8
619,156.0,70.0,48.0,7.0,9.0,2.0,1.0,1.0,1.0,4
620,299.0,100.0,75.0,12.0,6.5,5.0,1.0,1.0,1.0,2
621,126.0,77.0,45.0,10.0,14.5,10.0,0.0,0.0,1.0,3
622,103.0,78.0,54.0,11.0,12.0,15.0,1.0,1.0,0.0,5
623,246.0,87.0,58.0,9.0,7.5,5.0,1.0,1.0,1.0,3
624,145.0,74.0,45.0,11.0,17.0,10.0,0.0,0.0,1.0,2
625,130.0,75.0,44.0,8.0,12.7,3.0,1.0,0.0,1.0,5
626,97.0,72.0,43.0,10.0,12.7,10.0,0.0,0.0,1.0,5
627,159.0,81.0,56.0,8.0,7.5,15.0,1.0,1.0,0.0,8
628,150.0,80.0,44.0,12.0,11.5,5.0,0.0,0.0,1.0,6
629,75.0,54.0,36.0,6.0,10.0,7.0,1.0,0.0,1.0,6
630,130.0,87.0,57.0,7.0,13.5,7.0,1.0,1.0,0.0,1
631,112.0,79.0,47.0,10.0,17.0,10.0,1.0,0.0,1.0,4
632,90.0,60.0,40.0,7.0,13.5,9.0,1.0,0.0,1.0,6
633,168.0,75.0,46.0,9.0,10.5,10.0,0.0,0.0,1.0,3
634,129.0,60.0,41.0,6.0,,7.0,1.0,0.0,0.0,1
635,156.0,78.0,58.0,10.0,14.5,15.0,0.0,0.0,1.0,3
636,86.0,58.0,38.0,6.0,11.5,7.0,1.0,0.0,1.0,6
637,142.0,90.0,51.0,12.0,12.0,10.0,0.0,1.0,1.0,7
638,100.0,64.0,38.0,8.0,14.5,15.0,0.0,0.0,1.0,2
639,116.0,66.0,47.0,8.0,,10.0,0.0,0.0,1.0,7
640,182.4,81.0,54.0,8.0,7.5,12.0,1.0,1.0,1.0,3
641,99.0,76.0,45.0,10.0,12.0,10.0,1.0,0.0,1.0,5
642,140.0,66.0,42.0,8.0,7.0,2.0,1.0,1.0,0.0,4
643,115.0,81.0,47.0,9.0,12.7,10.0,1.0,0.0,0.0,5
644,190.0,112.0,55.0,16.0,7.0,10.0,1.0,0.0,1.0,5
645,135.0,77.0,46.0,10.0,12.7,2.0,1.0,0.0,1.0,5
646,119.0,66.0,45.0,8.0,7.0,7.0,0.0,1.0,0.0,4
647,112.0,66.0,41.0,8.0,,5.0,1.0,0.0,0.0,2
648,90.0,67.0,40.0,8.0,12.0,5.0,1.0,0.0,1.0,5
649,100.0,79.0,51.0,10.0,13.5,10.0,0.0,0.0,1.0,6
650,120.0,66.0,40.0,19.0,,10.0,1.0,1.0,1.0,8
651,99.0,57.0,42.0,6.0,6.5,7.0,1.0,1.0,1.0,5
652,125.0,76.0,45.0,10.0,13.5,10.0,0.0,0.0,1.0,6
653,97.0,76.0,45.0,10.0,12.0,10.0,1.0,1.0,1.0,5
654,110.0,70.0,40.0,9.0,13.5,5.0,1.0,0.0,0.0,6
655,120.0,80.0,52.0,14.0,12.0,7.0,1.0,0.0,1.0,5
656,130.0,78.0,46.0,11.0,13.5,10.0,1.0,0.0,1.0,1
657,75.0,53.0,35.0,7.0,11.5,5.0,1.0,1.0,0.0,6
658,204.0,87.0,58.0,8.0,7.5,7.0,1.0,1.0,1.0,3
659,98.0,56.0,33.0,6.0,8.0,10.0,1.0,0.0,0.0,1
660,120.0,79.0,44.0,10.0,13.0,3.0,1.0,0.0,1.0,5
661,178.79999999999995,94.0,57.0,8.0,10.5,15.0,0.0,1.0,1.0,3
662,118.0,83.0,44.0,10.0,12.7,10.0,1.0,0.0,1.0,5
663,113.0,54.0,34.0,11.0,3.0,10.0,1.0,0.0,1.0,1
664,114.0,93.0,51.0,12.0,10.0,7.0,1.0,0.0,0.0,6
665,130.0,65.0,44.0,9.0,9.0,5.0,1.0,0.0,1.0,4
666,83.0,55.0,37.0,6.0,12.0,5.0,1.0,1.0,1.0,7
667,105.0,66.0,44.0,7.0,,10.0,1.0,0.0,1.0,6
668,120.0,83.0,49.0,9.0,12.0,10.0,0.0,0.0,1.0,7
669,94.0,64.0,45.0,6.0,17.0,15.0,1.0,0.0,1.0,2
670,98.0,64.0,43.0,7.0,17.0,5.0,0.0,0.0,1.0,2
671,80.0,60.0,44.0,6.0,,10.0,0.0,0.0,1.0,6
672,122.0,96.0,51.0,12.0,13.5,10.0,0.0,0.0,0.0,6
673,114.0,55.0,35.0,8.0,,7.0,1.0,1.0,1.0,3
674,120.0,77.0,45.0,10.0,,5.0,0.0,0.0,1.0,6
675,113.0,80.0,46.0,10.0,13.0,10.0,0.0,0.0,1.0,5
676,127.0,81.0,49.0,8.0,12.0,5.0,1.0,0.0,1.0,5
677,136.0,78.0,48.0,9.0,12.5,15.0,1.0,0.0,1.0,2
678,106.0,70.0,43.0,10.0,12.7,10.0,1.0,0.0,0.0,5
679,86.0,60.0,44.0,6.0,,10.0,0.0,0.0,1.0,1
680,352.0,108.0,81.0,16.0,4.5,10.0,1.0,1.0,1.0,8
681,130.0,78.0,53.0,9.0,3.5,10.0,1.0,1.0,1.0,7
682,91.2,55.0,36.0,6.0,12.5,15.0,0.0,1.0,0.0,3
683,160.0,77.0,48.0,8.0,12.0,7.0,1.0,1.0,0.0,8
684,81.0,60.0,44.0,6.0,13.5,10.0,0.0,0.0,1.0,1
685,138.0,86.0,54.0,10.0,6.0,5.0,0.0,1.0,1.0,6
686,110.0,77.0,46.0,9.0,15.5,3.0,1.0,0.0,1.0,1
687,85.0,57.0,37.0,5.0,12.0,7.0,0.0,0.0,1.0,8
688,105.0,75.0,45.0,10.0,17.0,7.0,0.0,0.0,1.0,2
689,185.0,90.0,52.0,12.0,6.0,7.0,1.0,0.0,1.0,6
690,230.0,85.0,58.0,13.0,3.0,5.0,1.0,0.0,1.0,1
691,150.0,106.0,63.0,12.0,13.5,10.0,0.0,0.0,1.0,6
692,163.0,73.0,48.0,9.0,7.5,5.0,0.0,1.0,1.0,8
693,120.0,57.0,43.0,6.0,8.0,5.0,1.0,1.0,0.0,1
694,111.6,59.0,44.0,5.0,14.5,10.0,1.0,0.0,1.0,3
695,108.0,55.0,35.0,6.0,14.5,5.0,0.0,0.0,1.0,3
696,145.0,75.0,53.0,9.0,8.0,15.0,1.0,1.0,1.0,1
697,115.0,80.0,48.0,12.0,12.7,5.0,0.0,0.0,1.0,5
698,108.0,65.0,40.0,8.0,17.0,5.0,1.0,0.0,1.0,2
699,90.0,57.0,40.0,5.0,13.5,10.0,1.0,1.0,1.0,1
700,151.0,102.0,70.0,9.0,10.5,12.0,1.0,1.0,1.0,7
701,200.0,113.0,64.0,11.0,,10.0,0.0,0.0,1.0,6
702,93.0,70.0,40.0,10.0,12.0,10.0,1.0,0.0,0.0,5
703,87.0,63.0,45.0,6.0,10.0,10.0,1.0,0.0,0.0,6
704,82.0,60.0,42.0,7.0,13.5,5.0,0.0,0.0,1.0,6
705,190.0,72.0,46.0,10.0,9.0,5.0,1.0,1.0,1.0,4
706,170.0,79.0,52.0,9.0,9.0,7.0,1.0,0.0,1.0,4
707,133.0,83.0,46.0,12.0,13.5,10.0,1.0,1.0,1.0,1
708,130.0,77.0,47.0,11.0,11.0,7.0,1.0,0.0,1.0,5
709,110.0,69.0,44.0,10.0,12.0,5.0,1.0,0.0,1.0,7
710,120.0,75.0,43.0,10.0,17.0,10.0,1.0,0.0,1.0,2
711,130.0,96.0,57.0,9.0,7.5,5.0,0.0,1.0,1.0,8
712,108.0,81.0,48.0,8.0,13.0,15.0,0.0,0.0,1.0,5
713,98.0,65.0,44.0,7.0,11.5,15.0,1.0,0.0,1.0,6
714,85.0,57.0,43.0,6.0,12.0,12.0,1.0,1.0,0.0,7
715,87.0,90.0,57.0,13.0,14.5,15.0,1.0,1.0,1.0,2
716,110.0,77.0,46.0,10.0,6.0,10.0,0.0,0.0,1.0,6
717,99.0,57.0,42.0,6.0,12.0,10.0,1.0,1.0,1.0,8
718,85.0,60.0,43.0,10.0,13.0,7.0,0.0,0.0,0.0,5
719,123.0,79.0,45.0,13.0,9.0,20.0,1.0,0.0,1.0,4
720,95.0,60.0,43.0,7.0,12.5,5.0,1.0,0.0,1.0,2
721,260.0,110.0,71.0,18.0,,7.0,1.0,1.0,1.0,8
722,115.0,68.0,46.0,8.0,13.5,10.0,1.0,0.0,1.0,1
723,195.0,83.0,55.0,10.0,4.5,3.0,1.0,1.0,0.0,8
724,116.0,75.0,44.0,13.0,12.0,10.0,1.0,0.0,1.0,1
725,79.0,60.0,44.0,6.0,15.5,15.0,1.0,0.0,0.0,1
726,174.0,71.0,43.0,8.0,9.0,5.0,1.0,1.0,0.0,3
727,125.0,83.0,53.0,10.0,5.0,12.0,1.0,0.0,0.0,4
728,96.0,64.0,41.0,9.0,13.5,12.0,1.0,0.0,1.0,1
729,94.0,65.0,45.0,7.0,17.0,10.0,1.0,0.0,0.0,2
730,142.0,84.0,53.0,10.0,15.5,15.0,1.0,0.0,1.0,1
731,140.0,82.0,49.0,8.0,13.0,5.0,1.0,0.0,1.0,5
732,125.0,78.0,50.0,9.0,13.5,15.0,1.0,1.0,0.0,1
733,192.0,75.0,47.0,10.0,9.0,10.0,1.0,1.0,0.0,3
734,105.0,57.0,40.0,6.0,4.5,5.0,1.0,1.0,1.0,8
735,85.0,59.0,44.0,6.0,7.0,1.0,1.0,0.0,1.0,5
736,120.0,82.0,53.0,9.0,11.5,10.0,0.0,1.0,1.0,6
737,130.0,64.0,35.0,6.0,9.0,1.0,1.0,1.0,1.0,4
738,120.0,74.0,40.0,12.0,12.7,7.0,1.0,1.0,1.0,5
739,95.0,67.0,41.0,9.0,13.5,7.0,0.0,0.0,1.0,6
740,88.0,60.0,44.0,6.0,17.0,7.0,0.0,0.0,1.0,4
741,75.0,44.0,28.0,6.0,13.5,7.0,1.0,0.0,1.0,6
742,78.0,55.0,37.0,6.0,11.5,2.0,1.0,1.0,1.0,6
743,95.0,60.0,43.0,6.0,,5.0,0.0,0.0,1.0,4
744,130.0,72.0,47.0,10.0,13.5,7.0,1.0,1.0,0.0,1
745,88.0,60.0,42.0,6.0,,10.0,1.0,1.0,1.0,5
746,100.0,66.0,43.0,7.0,12.0,7.0,0.0,0.0,1.0,7
747,98.4,56.0,39.0,5.0,10.5,5.0,0.0,1.0,1.0,3
748,105.0,63.0,44.0,7.0,17.0,3.0,1.0,0.0,1.0,4
749,85.0,58.0,41.0,7.0,14.5,10.0,0.0,0.0,1.0,2
750,149.0,77.0,45.0,10.0,13.0,2.0,1.0,0.0,1.0,5
751,85.0,60.0,43.0,7.0,12.0,5.0,0.0,0.0,1.0,7
752,130.0,74.0,50.0,8.0,10.5,5.0,0.0,1.0,1.0,7
753,120.0,80.0,50.0,10.0,7.0,7.0,1.0,0.0,1.0,5
754,270.0,97.0,56.0,18.0,8.0,10.0,1.0,1.0,1.0,1
755,280.0,145.0,66.0,16.0,12.7,3.0,1.0,0.0,0.0,5
756,150.0,76.0,45.0,10.0,,10.0,0.0,0.0,1.0,4
757,117.0,61.0,44.0,6.0,4.5,5.0,1.0,1.0,1.0,8
758,163.2,76.0,44.0,10.0,14.5,9.0,0.0,0.0,1.0,3
759,93.0,60.0,43.0,6.0,17.0,15.0,0.0,0.0,1.0,2
760,92.0,65.0,45.0,7.0,12.5,5.0,1.0,0.0,1.0,2
761,110.0,65.0,44.0,8.0,10.5,10.0,1.0,1.0,1.0,7
762,135.0,70.0,40.0,9.0,15.5,10.0,1.0,0.0,1.0,1
763,105.0,77.0,40.0,10.0,12.0,15.0,0.0,0.0,1.0,7
764,115.0,77.0,45.0,7.0,9.0,5.0,1.0,0.0,0.0,4
765,315.0,118.0,54.0,12.0,3.5,2.0,1.0,1.0,1.0,7
766,170.0,79.0,50.0,9.0,4.5,2.0,1.0,0.0,0.0,8
767,83.0,56.0,37.0,6.0,10.0,15.0,1.0,0.0,1.0,6
768,84.0,58.0,41.0,6.0,14.5,10.0,0.0,1.0,1.0,3
769,220.0,83.0,53.0,9.0,4.5,5.0,1.0,0.0,0.0,8
770,111.6,57.0,43.0,5.0,12.5,15.0,1.0,1.0,1.0,3
771,95.0,63.0,39.0,8.0,12.0,10.0,1.0,0.0,1.0,7
772,95.0,64.0,39.0,8.0,,15.0,1.0,0.0,1.0,7
773,276.0,92.0,60.0,14.0,9.0,10.0,1.0,0.0,0.0,3
774,104.0,80.0,45.0,13.0,13.0,5.0,0.0,0.0,1.0,5
775,105.0,75.0,45.0,10.0,12.0,5.0,0.0,0.0,1.0,5
776,205.2,90.0,63.0,10.0,10.5,3.0,1.0,0.0,1.0,3
777,99.0,65.0,40.0,8.0,12.5,10.0,1.0,0.0,1.0,2
778,95.0,64.0,45.0,7.0,12.5,10.0,1.0,0.0,1.0,2
779,112.0,76.0,54.0,8.0,,15.0,1.0,1.0,0.0,7
780,129.6,58.0,40.0,6.0,10.5,7.0,1.0,1.0,1.0,3
781,168.0,56.0,40.0,5.0,9.0,5.0,1.0,1.0,0.0,3
782,120.0,64.0,46.0,6.0,7.0,3.0,1.0,0.0,1.0,4
783,108.0,80.0,48.0,8.0,12.0,10.0,0.0,0.0,1.0,7
784,118.8,75.0,45.0,10.0,14.5,15.0,0.0,0.0,1.0,3
785,149.0,77.0,45.0,9.0,12.0,5.0,1.0,0.0,1.0,1
786,210.0,81.0,47.0,10.0,14.5,10.0,0.0,1.0,1.0,3
787,98.0,64.0,43.0,7.0,,15.0,1.0,0.0,1.0,7
788,198.0,84.0,57.0,9.0,10.5,7.0,1.0,0.0,0.0,3
789,80.0,56.0,37.0,6.0,10.0,1.0,1.0,0.0,0.0,6
790,138.0,95.0,63.0,9.0,10.0,10.0,1.0,0.0,1.0,6
791,108.0,75.0,50.0,10.0,12.0,3.0,1.0,0.0,1.0,5
792,180.0,69.0,46.0,8.0,7.5,7.0,1.0,1.0,1.0,3
793,91.0,61.0,44.0,7.0,13.5,5.0,1.0,0.0,1.0,6
794,148.0,90.0,55.0,8.0,13.5,7.0,0.0,1.0,0.0,1
795,358.8,100.0,65.0,11.0,9.0,10.0,1.0,0.0,1.0,3
796,127.0,79.0,45.0,13.0,,3.0,1.0,0.0,1.0,1
797,265.0,100.0,56.0,14.0,7.0,10.0,0.0,0.0,1.0,4
798,85.0,58.0,37.0,6.0,13.5,15.0,0.0,0.0,1.0,1
799,122.0,93.0,52.0,14.0,13.5,10.0,1.0,0.0,1.0,1
800,121.0,77.0,46.0,10.0,12.5,10.0,1.0,0.0,1.0,2
801,408.0,83.0,49.0,19.0,,5.0,1.0,1.0,1.0,3
802,96.0,60.0,45.0,6.0,12.0,5.0,0.0,0.0,1.0,7
803,228.0,77.0,54.0,9.0,9.0,5.0,0.0,1.0,1.0,3
804,108.0,75.0,54.0,9.0,17.0,5.0,1.0,0.0,0.0,2
805,102.0,60.0,40.0,8.0,8.0,5.0,0.0,1.0,1.0,1
806,151.2,80.0,46.0,13.0,14.5,5.0,0.0,0.0,1.0,3
807,208.8,130.0,71.0,16.0,14.5,4.0,0.0,0.0,1.0,3
808,119.0,80.0,51.0,8.0,,15.0,1.0,0.0,1.0,6
809,110.0,78.0,48.0,14.0,12.0,10.0,1.0,0.0,1.0,5
810,90.0,60.0,38.0,8.0,12.0,10.0,0.0,0.0,0.0,8
811,225.0,80.0,53.0,9.0,7.0,5.0,1.0,1.0,1.0,4
812,95.0,54.0,36.0,5.0,3.5,15.0,1.0,1.0,1.0,7
813,130.0,75.0,44.0,10.0,12.5,5.0,1.0,0.0,1.0,2
814,94.0,56.0,33.0,8.0,11.5,3.0,1.0,0.0,1.0,6
815,127.0,76.0,54.0,6.0,9.0,5.0,0.0,0.0,0.0,4
816,115.0,60.0,44.0,6.0,6.5,5.0,1.0,0.0,1.0,2
817,185.0,80.0,45.0,13.0,12.0,5.0,0.0,0.0,1.0,8
818,157.0,75.0,53.0,10.0,12.5,5.0,1.0,0.0,1.0,2
819,115.0,76.0,54.0,9.0,13.0,5.0,1.0,0.0,0.0,5
820,155.0,74.0,43.0,10.0,9.0,5.0,0.0,0.0,1.0,4
821,160.0,93.0,59.0,6.0,12.5,15.0,1.0,1.0,1.0,8
822,175.0,112.0,78.0,16.0,7.0,10.0,1.0,1.0,1.0,4
823,140.0,80.0,51.0,7.0,7.5,7.0,1.0,1.0,1.0,8
824,108.0,64.0,40.0,9.0,12.0,10.0,0.0,1.0,1.0,1
825,79.0,51.0,34.0,6.0,13.5,10.0,1.0,0.0,1.0,6
826,117.6,58.0,43.0,6.0,14.5,10.0,0.0,0.0,1.0,3
827,88.0,56.0,36.0,6.0,,10.0,0.0,0.0,1.0,2
828,110.0,74.0,45.0,10.0,,7.0,1.0,0.0,1.0,5
829,95.0,58.0,38.0,6.0,12.0,8.0,1.0,0.0,1.0,1
830,114.0,80.0,45.0,13.0,12.0,7.0,1.0,0.0,0.0,5
831,107.0,66.0,42.0,9.0,,7.0,0.0,0.0,1.0,1
832,160.0,101.0,51.0,15.0,7.0,7.0,1.0,0.0,1.0,5
833,138.0,69.0,45.0,9.0,4.5,5.0,1.0,0.0,1.0,8
834,95.0,56.0,42.0,7.0,3.5,10.0,1.0,1.0,0.0,7
835,132.0,88.0,63.0,8.0,8.0,5.0,1.0,1.0,1.0,1
836,100.0,78.0,44.0,9.0,13.5,20.0,0.0,0.0,1.0,1
837,130.0,83.0,50.0,9.0,,10.0,1.0,0.0,1.0,5
838,110.0,63.0,38.0,8.0,17.0,10.0,1.0,0.0,1.0,2
839,110.0,60.0,41.0,6.0,,10.0,1.0,0.0,1.0,8
840,123.0,75.0,45.0,10.0,12.7,10.0,1.0,0.0,1.0,5
841,108.0,76.0,45.0,10.0,12.0,10.0,0.0,1.0,0.0,7
842,135.0,105.0,58.0,21.0,13.5,15.0,1.0,1.0,1.0,1
843,145.0,90.0,55.0,10.0,9.0,7.0,1.0,1.0,0.0,4
844,105.0,68.0,46.0,8.0,12.0,15.0,1.0,0.0,1.0,7
845,86.0,58.0,44.0,6.0,17.0,5.0,1.0,0.0,1.0,4
846,138.0,72.0,50.0,8.0,10.5,10.0,0.0,1.0,1.0,3
847,140.0,79.0,53.0,8.0,7.0,2.0,1.0,0.0,0.0,4
848,170.0,53.0,33.0,9.0,3.0,10.0,1.0,1.0,1.0,1
849,108.0,79.0,47.0,8.0,14.5,3.0,0.0,0.0,0.0,2
850,160.0,86.0,56.0,9.0,6.0,2.0,1.0,0.0,1.0,6
851,105.0,72.0,43.0,10.0,12.0,10.0,1.0,0.0,1.0,5
852,80.0,58.0,43.0,5.0,7.0,7.0,1.0,0.0,1.0,5
853,140.0,74.0,45.0,10.0,12.5,2.0,1.0,0.0,1.0,2
854,92.0,85.0,53.0,10.0,12.0,15.0,1.0,1.0,0.0,5
855,86.0,58.0,43.0,6.0,17.0,5.0,1.0,0.0,1.0,4
856,144.0,80.0,48.0,13.0,15.5,10.0,1.0,0.0,1.0,1
857,78.0,51.0,34.0,6.0,13.0,5.0,0.0,0.0,1.0,5
858,140.0,68.0,46.0,7.0,9.0,10.0,1.0,0.0,1.0,4
859,99.0,66.0,44.0,8.0,12.0,5.0,1.0,0.0,0.0,5
860,115.0,78.0,46.0,10.0,,3.0,1.0,0.0,1.0,5
861,95.0,82.0,48.0,8.0,13.0,10.0,1.0,0.0,1.0,5
862,110.0,66.0,45.0,10.0,11.5,10.0,1.0,0.0,1.0,6
863,123.0,77.0,45.0,10.0,17.0,7.0,1.0,0.0,1.0,2
864,101.0,66.0,39.0,8.0,17.0,10.0,1.0,0.0,1.0,2
865,85.0,61.0,45.0,6.0,13.5,10.0,1.0,0.0,1.0,6
866,105.0,66.0,40.0,8.0,12.5,5.0,1.0,0.0,1.0,2
867,111.0,57.0,40.0,6.0,9.0,3.0,1.0,1.0,1.0,4
868,105.0,65.0,39.0,8.0,12.0,5.0,0.0,0.0,1.0,7
869,162.0,72.0,43.0,9.0,10.5,15.0,1.0,0.0,0.0,3
870,110.0,75.0,45.0,10.0,12.7,10.0,1.0,0.0,1.0,5
871,240.0,85.0,54.0,14.0,14.5,15.0,1.0,0.0,1.0,3
872,160.0,86.0,51.0,8.0,12.0,2.0,1.0,1.0,1.0,7
873,240.0,92.0,57.0,12.0,6.5,12.0,1.0,1.0,1.0,2
874,89.0,60.0,38.0,6.0,13.5,7.0,1.0,0.0,1.0,6
875,95.0,64.0,45.0,7.0,,5.0,1.0,0.0,1.0,2
876,110.0,74.0,44.0,10.0,13.5,15.0,0.0,0.0,1.0,6
877,112.0,74.0,52.0,7.0,11.0,5.0,1.0,1.0,0.0,8
878,98.0,59.0,39.0,6.0,7.5,10.0,0.0,0.0,1.0,8
879,158.0,64.0,44.0,9.0,7.0,3.0,1.0,0.0,1.0,4
880,82.0,62.0,44.0,6.0,13.5,10.0,0.0,0.0,1.0,6
881,118.0,71.0,41.0,8.0,12.0,15.0,0.0,0.0,1.0,7
882,106.0,63.0,44.0,7.0,,10.0,1.0,0.0,1.0,2
883,115.0,56.0,39.0,5.0,4.5,15.0,1.0,1.0,1.0,8
884,114.0,75.0,44.0,10.0,12.7,7.0,1.0,0.0,1.0,5
885,110.0,70.0,40.0,6.0,12.0,2.0,1.0,1.0,0.0,8
886,87.0,58.0,37.0,7.0,13.5,15.0,0.0,0.0,1.0,1
887,171.6,75.0,45.0,9.0,10.5,7.0,1.0,0.0,1.0,3
888,145.0,69.0,43.0,7.0,3.5,3.0,1.0,1.0,1.0,7
889,78.0,52.0,35.0,6.0,12.0,10.0,1.0,0.0,1.0,7
890,92.0,82.0,48.0,8.0,13.0,12.0,0.0,0.0,1.0,5
891,87.0,55.0,36.0,6.0,3.5,10.0,1.0,1.0,1.0,7
892,95.0,68.0,45.0,9.0,14.5,10.0,0.0,0.0,1.0,2
893,109.0,66.0,46.0,8.0,15.5,5.0,1.0,0.0,1.0,1
894,140.0,80.0,51.0,10.0,13.5,10.0,1.0,1.0,1.0,1
895,130.0,81.0,48.0,9.0,13.5,10.0,0.0,0.0,1.0,6
896,115.0,77.0,50.0,9.0,3.5,7.0,1.0,0.0,0.0,7
897,87.0,55.0,38.0,5.0,6.5,5.0,1.0,1.0,1.0,5
898,264.0,100.0,49.0,13.0,14.5,10.0,1.0,1.0,1.0,3
899,95.0,54.0,38.0,6.0,10.5,5.0,1.0,0.0,1.0,7
900,95.0,63.0,40.0,8.0,12.5,10.0,1.0,0.0,1.0,2
901,110.0,65.0,46.0,7.0,12.5,5.0,1.0,0.0,1.0,2
902,160.0,82.0,54.0,8.0,9.0,7.0,1.0,1.0,1.0,4
903,93.0,64.0,45.0,7.0,14.5,3.0,1.0,0.0,1.0,2
904,90.0,60.0,40.0,8.0,13.5,5.0,1.0,0.0,0.0,6
905,100.0,75.0,45.0,10.0,13.0,5.0,0.0,0.0,1.0,5
906,115.0,79.0,46.0,10.0,,10.0,1.0,0.0,1.0,5
907,90.0,61.0,44.0,6.0,12.0,5.0,1.0,0.0,0.0,8
908,105.0,66.0,44.0,7.0,13.5,7.0,0.0,0.0,1.0,1
909,100.0,76.0,45.0,10.0,12.0,15.0,0.0,0.0,1.0,7
910,139.0,80.0,48.0,10.0,10.5,15.0,1.0,0.0,1.0,7
911,99.0,66.0,39.0,8.0,17.0,10.0,1.0,0.0,0.0,2
912,158.4,96.0,56.0,12.0,10.5,7.0,0.0,0.0,1.0,3
913,87.0,63.0,42.0,7.0,13.5,7.0,1.0,0.0,1.0,6
914,145.0,78.0,47.0,8.0,11.0,8.0,1.0,1.0,1.0,8
915,216.0,78.0,52.0,8.0,9.0,1.0,1.0,1.0,1.0,3
916,200.0,90.0,60.0,10.0,12.0,10.0,1.0,1.0,1.0,7
917,87.0,60.0,43.0,6.0,,7.0,0.0,0.0,1.0,7
918,164.0,72.0,48.0,7.0,,5.0,1.0,1.0,1.0,7
919,121.0,79.0,45.0,13.0,12.0,7.0,1.0,0.0,1.0,1
920,85.0,60.0,43.0,6.0,14.5,6.0,0.0,0.0,1.0,2
921,120.0,83.0,56.0,10.0,,15.0,1.0,1.0,1.0,5
922,107.0,74.0,44.0,11.0,13.0,5.0,0.0,0.0,0.0,5
923,162.0,77.0,50.0,8.0,10.5,10.0,0.0,1.0,1.0,3
924,140.0,78.0,45.0,10.0,12.0,2.0,1.0,0.0,1.0,7
925,140.0,74.0,53.0,8.0,11.0,5.0,1.0,1.0,1.0,8
926,172.79999999999995,66.0,45.0,8.0,9.0,7.0,1.0,1.0,1.0,3
927,111.0,64.0,40.0,7.0,17.0,10.0,1.0,0.0,0.0,2
928,85.0,60.0,40.0,6.0,13.5,5.0,0.0,0.0,1.0,6
929,118.0,72.0,43.0,10.0,12.7,2.0,1.0,0.0,0.0,5
930,190.0,81.0,46.0,12.0,12.0,5.0,0.0,0.0,1.0,8
931,94.0,65.0,40.0,8.0,14.5,15.0,1.0,0.0,1.0,2
932,252.0,80.0,49.0,10.0,12.5,5.0,1.0,1.0,1.0,3
933,116.0,75.0,46.0,10.0,13.5,10.0,0.0,0.0,1.0,6
934,130.79999999999998,79.0,45.0,13.0,14.5,5.0,0.0,0.0,1.0,3
935,94.0,60.0,44.0,6.0,15.5,5.0,1.0,0.0,1.0,1
936,95.0,65.0,47.0,8.0,13.5,5.0,1.0,0.0,1.0,6
937,91.0,64.0,45.0,7.0,14.5,10.0,1.0,0.0,1.0,2
938,80.0,59.0,43.0,6.0,13.5,5.0,0.0,0.0,1.0,6
939,95.0,77.0,45.0,10.0,13.0,5.0,0.0,0.0,1.0,5
940,117.0,82.0,44.0,10.0,13.0,2.0,1.0,0.0,1.0,5
941,95.0,65.0,46.0,8.0,12.5,10.0,1.0,0.0,1.0,2
942,99.0,63.0,43.0,9.0,13.5,7.0,0.0,0.0,1.0,1
943,86.0,51.0,35.0,6.0,17.0,10.0,1.0,0.0,0.0,4
944,210.0,80.0,42.0,20.0,,5.0,1.0,0.0,1.0,1
945,150.0,92.0,69.0,8.0,4.5,10.0,1.0,1.0,1.0,8
946,108.0,78.0,46.0,10.0,12.7,10.0,1.0,0.0,1.0,5
947,129.0,79.0,47.0,8.0,10.5,15.0,1.0,0.0,1.0,7
948,170.0,80.0,53.0,9.0,8.0,3.0,1.0,0.0,1.0,1
949,80.0,60.0,45.0,6.0,13.5,5.0,0.0,0.0,1.0,6
950,240.0,72.0,46.0,9.0,9.0,10.0,1.0,1.0,1.0,3
951,117.6,64.0,42.0,7.0,14.5,5.0,0.0,0.0,1.0,3
952,95.0,60.0,43.0,6.0,17.0,10.0,1.0,0.0,1.0,4
953,140.0,84.0,48.0,9.0,12.0,10.0,0.0,1.0,1.0,7
954,100.0,64.0,41.0,7.0,12.0,5.0,1.0,0.0,1.0,7
955,190.0,78.0,46.0,10.0,8.0,10.0,1.0,1.0,1.0,1
956,258.0,76.0,55.0,8.0,,2.0,1.0,1.0,1.0,3
957,110.0,68.0,45.0,6.0,,10.0,1.0,0.0,1.0,2
958,127.0,78.0,46.0,10.0,,5.0,1.0,0.0,1.0,2
959,85.0,60.0,44.0,6.0,7.0,7.0,1.0,0.0,1.0,5
960,164.0,90.0,52.0,13.0,10.0,3.0,1.0,1.0,1.0,6
961,200.0,71.0,46.0,8.0,,5.0,1.0,1.0,0.0,8
962,110.0,74.0,53.0,8.0,11.0,15.0,1.0,1.0,0.0,8
963,130.0,72.0,45.0,10.0,11.5,10.0,1.0,0.0,0.0,6
964,185.0,78.0,53.0,8.0,7.5,15.0,1.0,1.0,1.0,8
965,155.0,72.0,53.0,8.0,3.0,10.0,1.0,1.0,1.0,1
966,115.0,74.0,45.0,10.0,13.0,15.0,1.0,0.0,1.0,5
967,130.0,56.0,40.0,5.0,3.5,10.0,1.0,1.0,0.0,7
968,104.0,80.0,45.0,13.0,13.0,5.0,0.0,0.0,1.0,5
969,167.0,74.0,45.0,11.0,5.0,10.0,1.0,0.0,1.0,4
970,136.0,78.0,46.0,10.0,12.5,5.0,0.0,0.0,0.0,2
971,126.0,53.0,36.0,5.0,7.5,10.0,1.0,1.0,0.0,3
972,135.0,73.0,53.0,8.0,,15.0,1.0,1.0,1.0,8
973,129.6,73.0,51.0,8.0,12.5,15.0,0.0,1.0,1.0,3
974,145.0,96.0,56.0,9.0,11.0,15.0,1.0,1.0,0.0,8
975,168.0,73.0,44.0,10.0,10.5,5.0,1.0,1.0,0.0,3
976,97.0,57.0,42.0,6.0,13.5,5.0,0.0,1.0,1.0,1
977,140.0,68.0,47.0,8.0,9.0,5.0,1.0,1.0,1.0,4
978,165.0,74.0,46.0,10.0,5.0,10.0,1.0,0.0,1.0,4
979,150.0,78.0,44.0,8.0,13.5,1.0,1.0,0.0,1.0,1
980,149.0,78.0,48.0,13.0,4.5,5.0,1.0,1.0,1.0,8
981,140.0,78.0,48.0,11.0,12.7,8.0,1.0,0.0,1.0,5
982,80.0,50.0,34.0,6.0,11.5,10.0,1.0,0.0,1.0,6
983,180.0,112.0,64.0,16.0,14.5,5.0,0.0,0.0,1.0,3
984,118.0,79.0,45.0,13.0,15.5,10.0,1.0,0.0,1.0,1
985,90.0,65.0,45.0,7.0,14.5,10.0,0.0,0.0,1.0,3
986,120.0,75.0,48.0,11.0,3.0,15.0,1.0,1.0,1.0,1
987,150.0,75.0,51.0,8.0,12.0,15.0,1.0,0.0,0.0,8
988,81.0,56.0,37.0,6.0,11.5,5.0,1.0,0.0,1.0,6
989,117.0,85.0,44.0,10.0,12.0,10.0,0.0,0.0,1.0,7
990,158.0,78.0,49.0,14.0,9.0,4.0,1.0,1.0,1.0,4
991,110.0,67.0,45.0,8.0,13.5,5.0,0.0,0.0,1.0,1
992,110.0,60.0,44.0,6.0,7.0,5.0,0.0,0.0,1.0,4
993,105.0,65.0,40.0,7.0,17.0,10.0,1.0,0.0,0.0,2
994,110.0,65.0,40.0,8.0,12.5,5.0,1.0,0.0,0.0,2
995,129.6,69.0,36.0,9.0,12.5,5.0,0.0,0.0,0.0,3
996,132.0,77.0,43.0,8.0,12.5,5.0,1.0,0.0,1.0,2
997,90.0,59.0,45.0,6.0,12.0,5.0,0.0,0.0,0.0,8
998,157.2,79.0,45.0,12.0,14.5,5.0,0.0,0.0,1.0,3
999,154.79999999999995,76.0,48.0,10.0,12.5,5.0,0.0,0.0,1.0,3
1000,93.0,60.0,38.0,8.0,12.0,5.0,1.0,0.0,1.0,5
1001,165.0,78.0,47.0,9.0,5.0,10.0,1.0,1.0,1.0,4
1002,115.0,67.0,41.0,9.0,14.5,7.0,0.0,0.0,1.0,2
1003,105.0,66.0,40.0,8.0,17.0,5.0,1.0,0.0,1.0,2
1004,83.0,61.0,38.0,6.0,13.0,10.0,0.0,0.0,0.0,5
1005,125.0,77.0,44.0,10.0,14.5,7.0,1.0,0.0,1.0,2
1006,197.0,101.0,60.0,15.0,7.0,7.0,0.0,1.0,1.0,4
1007,105.0,77.0,54.0,8.0,10.5,12.0,1.0,0.0,0.0,7
1008,143.0,75.0,54.0,10.0,6.5,7.0,1.0,1.0,1.0,2
1009,85.0,64.0,45.0,6.0,13.0,5.0,0.0,0.0,1.0,5
1010,105.0,83.0,48.0,9.0,13.0,15.0,1.0,0.0,1.0,5
1011,117.0,75.0,42.0,10.0,12.0,5.0,1.0,0.0,1.0,5
1012,238.8,70.0,46.0,8.0,7.5,7.0,1.0,1.0,1.0,3
1013,90.0,59.0,45.0,6.0,15.5,5.0,0.0,0.0,1.0,1
1014,145.0,76.0,51.0,8.0,3.0,5.0,1.0,1.0,0.0,1
1015,115.2,60.0,45.0,6.0,10.5,15.0,1.0,0.0,1.0,3
1016,140.0,77.0,45.0,10.0,10.0,5.0,1.0,0.0,1.0,6
1017,150.0,77.0,42.0,8.0,6.0,15.0,1.0,0.0,1.0,6
1018,118.8,63.0,38.0,8.0,10.5,5.0,1.0,0.0,0.0,3
1019,102.0,58.0,41.0,6.0,11.0,5.0,1.0,1.0,1.0,8
1020,84.0,76.0,45.0,10.0,17.0,10.0,1.0,0.0,1.0,4
1021,92.0,58.0,42.0,6.0,,7.0,1.0,1.0,1.0,1
1022,82.0,59.0,38.0,6.0,,5.0,1.0,0.0,1.0,6
1023,116.4,58.0,42.0,5.0,12.5,15.0,1.0,1.0,1.0,3
1024,730.0,134.0,102.0,10.0,9.0,10.0,1.0,1.0,1.0,4
1025,80.0,56.0,44.0,6.0,11.0,8.0,1.0,1.0,0.0,5
1026,185.0,99.0,67.0,9.0,9.0,10.0,1.0,1.0,0.0,4
1027,85.0,56.0,42.0,6.0,12.0,10.0,1.0,1.0,1.0,8
1028,170.0,68.0,39.0,10.0,4.5,10.0,1.0,1.0,0.0,8
1029,115.0,62.0,38.0,8.0,11.5,5.0,1.0,0.0,1.0,6
1030,120.0,77.0,47.0,12.0,13.5,10.0,1.0,0.0,1.0,1
1031,186.0,73.0,49.0,9.0,10.5,15.0,1.0,1.0,1.0,3
1032,125.0,77.0,45.0,10.0,12.0,10.0,1.0,0.0,1.0,5
1033,110.0,65.0,45.0,11.0,,7.0,1.0,0.0,1.0,4
1034,155.0,75.0,46.0,10.0,12.0,5.0,1.0,0.0,1.0,8
1035,139.0,86.0,51.0,10.0,10.5,7.0,0.0,0.0,1.0,7
1036,118.0,84.0,48.0,9.0,12.7,5.0,0.0,0.0,1.0,5
1037,246.0,88.0,59.0,9.0,9.0,10.0,1.0,1.0,0.0,3
1038,85.0,60.0,38.0,6.0,17.0,7.0,1.0,0.0,0.0,2
1039,89.0,60.0,44.0,6.0,,3.0,1.0,0.0,1.0,7
1040,94.0,55.0,41.0,5.0,13.5,10.0,1.0,1.0,1.0,1
1041,165.0,78.0,46.0,10.0,5.0,10.0,1.0,0.0,1.0,4
1042,94.0,61.0,42.0,6.0,12.5,10.0,1.0,0.0,1.0,2
1043,230.0,110.0,52.0,17.0,11.5,5.0,1.0,1.0,1.0,6
1044,120.0,69.0,40.0,9.0,13.5,15.0,1.0,0.0,1.0,1
1045,110.0,65.0,45.0,7.0,13.5,7.0,1.0,0.0,1.0,1
1046,193.0,100.0,56.0,12.0,12.0,10.0,0.0,1.0,1.0,7
1047,145.0,75.0,46.0,10.0,9.0,15.0,1.0,0.0,1.0,4
1048,120.0,77.0,48.0,8.0,12.0,15.0,1.0,1.0,1.0,8
1049,260.0,80.0,46.0,12.0,9.0,2.0,1.0,1.0,1.0,4
1050,97.0,64.0,45.0,7.0,13.5,10.0,1.0,0.0,1.0,1
1051,92.0,63.0,39.0,8.0,15.5,5.0,1.0,0.0,1.0,1
1052,123.0,74.0,44.0,12.0,9.0,7.0,0.0,0.0,1.0,4
1053,141.6,63.0,38.0,8.0,14.5,5.0,1.0,0.0,1.0,3
1054,245.0,83.0,48.0,12.0,7.5,10.0,1.0,1.0,1.0,8
1055,112.8,72.0,46.0,10.0,14.5,9.0,0.0,0.0,1.0,3
1056,110.0,75.0,43.0,10.0,12.7,5.0,1.0,0.0,1.0,5
1057,99.0,79.0,62.0,6.0,17.0,2.0,1.0,1.0,0.0,4
1058,115.0,75.0,47.0,8.0,6.5,15.0,1.0,1.0,0.0,2
1059,155.0,75.0,44.0,10.0,9.0,5.0,0.0,1.0,1.0,4
1060,105.0,68.0,46.0,8.0,15.5,10.0,1.0,0.0,0.0,1
1061,310.0,100.0,62.0,17.0,4.5,15.0,1.0,0.0,1.0,8
1062,130.0,86.0,54.0,13.0,6.0,10.0,1.0,0.0,1.0,6
1063,190.0,106.0,58.0,24.0,9.0,5.0,0.0,0.0,1.0,4
1064,94.0,64.0,45.0,6.0,12.5,12.0,1.0,0.0,1.0,2
1065,140.0,76.0,44.0,10.0,12.5,5.0,1.0,0.0,1.0,2
1066,105.0,57.0,44.0,6.0,9.0,5.0,1.0,1.0,0.0,4
1067,140.0,66.0,43.0,7.0,8.0,10.0,0.0,0.0,1.0,1
1068,200.4,113.0,64.0,13.0,14.5,5.0,0.0,1.0,1.0,3
1069,262.8,113.0,60.0,20.0,9.0,10.0,1.0,0.0,1.0,3
1070,132.0,71.0,43.0,10.0,14.5,20.0,0.0,0.0,1.0,3
1071,135.0,80.0,45.0,10.0,10.5,5.0,0.0,0.0,1.0,7
1072,130.0,73.0,41.0,10.0,12.0,5.0,0.0,0.0,1.0,7
1073,118.8,58.0,44.0,6.0,10.5,10.0,1.0,0.0,1.0,3
1074,95.0,73.0,43.0,11.0,12.7,10.0,1.0,0.0,0.0,5
1075,115.0,65.0,39.0,8.0,13.0,10.0,0.0,0.0,1.0,5
1076,130.0,79.0,44.0,10.0,13.5,10.0,0.0,0.0,1.0,6
1077,123.0,85.0,51.0,10.0,12.7,3.0,1.0,0.0,1.0,5
1078,104.0,84.0,52.0,11.0,13.0,5.0,0.0,0.0,1.0,5
1079,198.0,80.0,45.0,10.0,,7.0,0.0,0.0,1.0,4
1080,108.0,66.0,43.0,7.0,17.0,5.0,1.0,0.0,1.0,4
1081,103.0,76.0,45.0,10.0,13.0,5.0,0.0,0.0,1.0,5
1082,113.0,85.0,53.0,12.0,12.7,10.0,0.0,0.0,0.0,5
1083,97.0,55.0,35.0,6.0,9.0,10.0,1.0,0.0,1.0,4
1084,93.0,79.0,45.0,10.0,13.0,7.0,0.0,0.0,0.0,5
1085,169.0,77.0,52.0,8.0,7.0,3.0,1.0,1.0,1.0,4
1086,105.0,58.0,43.0,6.0,3.5,12.0,1.0,1.0,1.0,7
1087,101.0,55.0,38.0,6.0,7.0,10.0,1.0,0.0,0.0,4
1088,75.0,51.0,34.0,6.0,9.0,5.0,0.0,0.0,0.0,4
1089,99.0,60.0,39.0,8.0,12.0,5.0,0.0,0.0,1.0,1
1090,100.0,80.0,45.0,12.0,12.7,15.0,1.0,0.0,1.0,5
1091,85.0,60.0,40.0,7.0,12.0,5.0,0.0,0.0,1.0,7
1092,116.0,68.0,43.0,8.0,6.5,10.0,1.0,1.0,1.0,5
1093,130.0,77.0,45.0,10.0,,7.0,1.0,0.0,1.0,5
1094,75.0,51.0,36.0,6.0,17.0,5.0,0.0,0.0,1.0,2
1095,94.0,65.0,45.0,7.0,14.5,10.0,1.0,0.0,0.0,2
1096,132.0,69.0,44.0,8.0,8.0,10.0,1.0,0.0,1.0,1
1097,118.0,74.0,52.0,9.0,7.5,7.0,0.0,1.0,1.0,8
1098,110.0,63.0,43.0,9.0,15.5,3.0,1.0,0.0,0.0,1
1099,111.6,57.0,43.0,6.0,10.5,15.0,0.0,0.0,1.0,3
1100,140.4,80.0,44.0,13.0,10.5,10.0,0.0,0.0,1.0,3
1101,170.0,76.0,50.0,10.0,5.0,5.0,1.0,1.0,1.0,4
1102,162.0,90.0,53.0,13.0,10.0,7.0,1.0,1.0,1.0,6
1103,88.0,59.0,44.0,6.0,13.5,10.0,1.0,0.0,1.0,6
1104,200.0,78.0,50.0,7.0,8.0,10.0,1.0,1.0,1.0,1
1105,113.0,70.0,50.0,9.0,6.0,10.0,1.0,0.0,0.0,6
1106,125.0,75.0,45.0,10.0,13.5,10.0,0.0,0.0,1.0,6
1107,92.0,68.0,44.0,10.0,10.5,10.0,0.0,0.0,1.0,7
1108,128.4,68.0,46.0,8.0,10.5,10.0,0.0,0.0,1.0,3
1109,87.0,61.0,43.0,6.0,,15.0,1.0,0.0,1.0,7
1110,126.0,84.0,56.0,9.0,3.5,4.0,1.0,1.0,1.0,7
1111,135.0,77.0,41.0,11.0,13.0,10.0,1.0,0.0,1.0,5
1112,110.0,57.0,37.0,7.0,9.0,1.0,1.0,1.0,1.0,4
1113,95.0,64.0,45.0,7.0,14.5,10.0,1.0,0.0,1.0,2
1114,78.0,56.0,38.0,6.0,13.5,5.0,0.0,0.0,0.0,6
1115,110.0,75.0,52.0,9.0,11.5,10.0,1.0,1.0,0.0,6
1116,204.0,80.0,48.0,9.0,14.5,7.0,1.0,1.0,1.0,3
1117,169.0,95.0,58.0,14.0,9.0,7.0,0.0,1.0,1.0,4
1118,126.0,80.0,40.0,14.0,12.0,10.0,0.0,0.0,1.0,7
1119,132.0,67.0,49.0,6.0,12.5,10.0,1.0,1.0,0.0,3
1120,110.0,67.0,44.0,9.0,11.5,10.0,0.0,0.0,1.0,6
1121,95.0,61.0,43.0,6.0,14.5,5.0,1.0,0.0,1.0,2
1122,123.0,77.0,46.0,10.0,13.0,10.0,1.0,0.0,1.0,5
1123,107.0,67.0,41.0,9.0,12.5,10.0,1.0,0.0,1.0,2
1124,105.0,64.0,45.0,6.0,13.5,7.0,1.0,0.0,1.0,1
1125,96.0,60.0,45.0,6.0,12.0,5.0,0.0,0.0,1.0,7
1126,90.0,78.0,45.0,10.0,13.5,10.0,0.0,0.0,1.0,6
1127,118.0,77.0,43.0,11.0,7.0,5.0,0.0,0.0,1.0,4
1128,130.79999999999998,79.0,45.0,13.0,14.5,5.0,0.0,1.0,1.0,3
1129,75.0,53.0,35.0,7.0,11.5,5.0,1.0,1.0,0.0,6
1130,176.0,86.0,54.0,8.0,9.0,10.0,1.0,1.0,1.0,4
1131,160.0,98.0,50.0,12.0,10.0,10.0,1.0,0.0,1.0,6
1132,140.0,67.0,46.0,9.0,8.0,15.0,1.0,0.0,1.0,1
1133,92.0,61.0,44.0,6.0,12.5,5.0,1.0,0.0,1.0,2
1134,150.0,84.0,48.0,10.0,13.5,10.0,0.0,0.0,0.0,6
1135,132.0,74.0,53.0,7.0,4.5,7.0,1.0,1.0,1.0,8
1136,103.0,74.0,45.0,8.0,12.0,5.0,1.0,1.0,0.0,8
1137,135.0,76.0,45.0,10.0,6.0,7.0,0.0,0.0,1.0,6
1138,112.0,76.0,40.0,11.0,12.7,7.0,0.0,0.0,1.0,5
1139,140.0,65.0,44.0,8.0,4.5,5.0,1.0,0.0,1.0,8
1140,145.0,78.0,44.0,10.0,3.5,2.0,1.0,0.0,1.0,7
1141,143.0,74.0,45.0,11.0,,5.0,1.0,0.0,1.0,5
1142,103.0,67.0,43.0,9.0,15.5,7.0,1.0,0.0,1.0,1
1143,90.0,56.0,41.0,5.0,6.0,15.0,1.0,1.0,1.0,6
1144,142.79999999999995,80.0,45.0,13.0,14.5,5.0,0.0,0.0,1.0,3
1145,86.0,50.0,34.0,6.0,12.0,10.0,0.0,0.0,0.0,8
1146,146.4,68.0,44.0,8.0,,5.0,0.0,0.0,1.0,3
1147,100.0,58.0,30.0,6.0,17.0,1.0,1.0,0.0,1.0,4
1148,90.0,60.0,43.0,6.0,13.5,5.0,0.0,0.0,0.0,6
1149,115.0,77.0,45.0,7.0,9.0,15.0,1.0,0.0,0.0,4
1150,110.0,77.0,46.0,10.0,12.7,7.0,0.0,0.0,1.0,5
1151,73.0,51.0,34.0,6.0,7.0,7.0,1.0,0.0,1.0,5
1152,156.0,83.0,55.0,9.0,10.5,10.0,1.0,1.0,1.0,7
1153,72.0,52.0,35.0,6.0,13.5,10.0,0.0,0.0,1.0,1
1154,200.0,122.0,68.0,12.0,10.0,5.0,1.0,0.0,1.0,6
1155,115.0,78.0,54.0,8.0,11.5,10.0,1.0,1.0,1.0,6
1156,99.0,66.0,41.0,8.0,13.5,15.0,1.0,1.0,1.0,1
1157,115.0,78.0,46.0,10.0,,15.0,0.0,0.0,1.0,7
1158,95.0,60.0,37.0,8.0,12.5,15.0,1.0,0.0,1.0,2
1159,95.0,65.0,39.0,8.0,12.0,15.0,1.0,0.0,1.0,7
1160,111.6,61.0,45.0,6.0,14.5,10.0,1.0,0.0,1.0,3
1161,86.0,53.0,36.0,7.0,11.5,5.0,1.0,0.0,0.0,6
1162,95.0,72.0,43.0,12.0,12.7,7.0,0.0,0.0,0.0,5
1163,135.0,78.0,44.0,11.0,12.7,10.0,1.0,0.0,1.0,5
1164,113.0,91.0,52.0,9.0,6.5,10.0,1.0,1.0,1.0,2
1165,105.0,64.0,40.0,7.0,7.0,10.0,1.0,0.0,0.0,4
1166,75.0,55.0,39.0,6.0,10.0,10.0,1.0,0.0,0.0,6
1167,142.0,77.0,44.0,10.0,7.0,10.0,0.0,0.0,1.0,4
1168,85.0,58.0,45.0,6.0,10.0,3.0,1.0,0.0,1.0,6
1169,231.6,78.0,55.0,8.0,7.5,10.0,1.0,0.0,1.0,3
1170,115.0,68.0,44.0,9.0,12.0,7.0,1.0,0.0,1.0,7
1171,90.0,57.0,43.0,6.0,12.0,5.0,1.0,1.0,1.0,1
1172,128.0,72.0,53.0,8.0,3.0,10.0,1.0,1.0,0.0,1
1173,85.0,65.0,43.0,5.0,7.5,5.0,1.0,1.0,1.0,8
1174,144.0,80.0,48.0,13.0,15.5,10.0,1.0,0.0,1.0,1
1175,185.0,79.0,47.0,10.0,3.0,3.0,1.0,1.0,1.0,1
1176,85.0,58.0,39.0,6.0,12.5,10.0,1.0,0.0,0.0,2
1177,106.0,83.0,44.0,10.0,12.0,10.0,0.0,0.0,1.0,7
1178,89.0,64.0,39.0,8.0,14.5,5.0,0.0,0.0,0.0,2
1179,112.0,65.0,44.0,9.0,13.5,1.0,1.0,0.0,0.0,1
1180,160.0,77.0,45.0,10.0,12.0,15.0,1.0,0.0,1.0,8
1181,134.4,67.0,38.0,7.0,10.5,10.0,0.0,1.0,1.0,3
1182,78.0,51.0,34.0,6.0,13.5,10.0,1.0,1.0,1.0,6
1183,118.0,75.0,44.0,9.0,7.0,5.0,0.0,0.0,1.0,5
1184,122.0,75.0,46.0,11.0,13.5,15.0,1.0,0.0,1.0,6
1185,151.2,79.0,44.0,13.0,,10.0,0.0,0.0,1.0,3
1186,100.0,75.0,45.0,10.0,13.0,5.0,0.0,0.0,1.0,5
1187,142.0,78.0,46.0,9.0,10.5,10.0,1.0,1.0,1.0,7
1188,564.0,120.0,75.0,18.0,9.0,10.0,1.0,1.0,1.0,3
1189,83.0,58.0,38.0,6.0,12.5,10.0,1.0,0.0,0.0,2
1190,138.0,64.0,38.0,8.0,14.5,7.0,1.0,0.0,1.0,3
1191,79.0,60.0,43.0,5.0,12.0,10.0,0.0,0.0,0.0,7
1192,77.0,55.0,38.0,6.0,7.5,10.0,1.0,0.0,0.0,8
1193,120.0,80.0,45.0,9.0,12.7,15.0,1.0,0.0,1.0,5
1194,120.0,64.0,43.0,7.0,9.0,5.0,0.0,0.0,1.0,4
1195,80.0,56.0,38.0,6.0,7.0,10.0,1.0,0.0,1.0,5
1196,105.0,73.0,49.0,8.0,11.5,5.0,1.0,0.0,0.0,6
1197,110.4,57.0,40.0,6.0,12.5,2.0,1.0,1.0,1.0,3
1198,178.0,80.0,54.0,9.0,3.0,5.0,1.0,1.0,1.0,1
1199,89.0,64.0,45.0,6.0,12.5,15.0,1.0,0.0,1.0,2
1200,130.0,73.0,52.0,7.0,11.0,5.0,1.0,1.0,1.0,8
1201,91.0,62.0,38.0,7.0,13.5,7.0,0.0,0.0,0.0,6
1202,87.0,58.0,44.0,5.0,10.5,5.0,1.0,0.0,1.0,7
1203,114.0,83.0,46.0,12.0,7.0,10.0,1.0,0.0,1.0,4
1204,110.0,75.0,53.0,10.0,10.5,15.0,1.0,0.0,0.0,7
1205,114.0,59.0,39.0,6.0,3.5,5.0,1.0,0.0,1.0,7
1206,110.0,77.0,47.0,10.0,13.0,10.0,1.0,0.0,1.0,5
1207,130.0,72.0,44.0,9.0,6.0,5.0,1.0,1.0,1.0,6
1208,87.0,64.0,46.0,7.0,12.0,5.0,1.0,0.0,1.0,5
1209,240.0,102.0,73.0,10.0,,7.0,1.0,0.0,1.0,3
1210,115.0,84.0,53.0,12.0,12.7,15.0,1.0,0.0,1.0,5
1211,115.0,86.0,67.0,13.0,13.5,15.0,0.0,0.0,1.0,6
1212,92.0,64.0,38.0,8.0,10.5,15.0,1.0,0.0,0.0,7
1213,114.0,66.0,44.0,10.0,14.5,7.0,0.0,0.0,1.0,3
1214,380.0,130.0,72.0,15.0,7.0,5.0,0.0,0.0,1.0,4
1215,126.0,75.0,45.0,10.0,14.5,10.0,0.0,0.0,1.0,3
1216,160.0,85.0,56.0,12.0,6.5,10.0,1.0,1.0,1.0,2
1217,133.2,81.0,45.0,9.0,14.5,10.0,0.0,0.0,0.0,3
1218,130.0,84.0,54.0,8.0,6.5,15.0,1.0,1.0,1.0,2
1219,92.0,60.0,40.0,6.0,12.0,10.0,0.0,0.0,1.0,7
1220,160.0,93.0,57.0,12.0,12.7,5.0,1.0,0.0,1.0,5
1221,128.4,57.0,41.0,6.0,12.5,10.0,1.0,1.0,1.0,3
1222,93.0,57.0,40.0,6.0,3.5,7.0,1.0,1.0,1.0,7
1223,95.0,65.0,45.0,7.0,15.5,7.0,1.0,0.0,1.0,1
1224,105.0,66.0,46.0,11.0,12.0,7.0,1.0,0.0,0.0,5
1225,155.0,72.0,52.0,7.0,3.0,5.0,0.0,0.0,1.0,1
1226,115.0,77.0,44.0,7.0,12.0,10.0,1.0,1.0,1.0,8
1227,86.0,59.0,43.0,6.0,17.0,5.0,1.0,0.0,1.0,4
1228,107.0,67.0,46.0,8.0,13.5,7.0,0.0,0.0,1.0,1
1229,124.8,72.0,46.0,11.0,,10.0,0.0,1.0,0.0,3
1230,110.0,75.0,52.0,9.0,7.5,10.0,0.0,1.0,1.0,8
1231,89.0,59.0,38.0,6.0,,15.0,1.0,0.0,1.0,7
1232,155.0,77.0,50.0,8.0,8.0,5.0,0.0,1.0,1.0,1
1233,160.0,77.0,42.0,8.0,6.0,5.0,0.0,0.0,1.0,6
1234,87.6,54.0,37.0,6.0,14.5,10.0,1.0,0.0,1.0,3
1235,140.0,82.0,61.0,6.0,3.5,7.0,1.0,1.0,1.0,7
1236,103.2,54.0,36.0,6.0,9.0,15.0,0.0,1.0,0.0,3
1237,250.0,74.0,56.0,8.0,4.5,7.0,1.0,1.0,1.0,8
1238,199.2,77.0,45.0,11.0,10.5,15.0,1.0,1.0,1.0,3
1239,230.0,109.0,58.0,18.0,12.7,2.0,1.0,0.0,1.0,5
1240,103.0,64.0,44.0,10.0,15.5,7.0,1.0,0.0,1.0,1
1241,104.0,77.0,45.0,10.0,12.7,15.0,1.0,0.0,0.0,5
1242,396.0,104.0,60.0,11.0,10.5,7.0,0.0,1.0,1.0,3
1243,85.0,57.0,40.0,6.0,14.5,10.0,0.0,1.0,1.0,2
1244,120.0,76.0,45.0,10.0,13.0,10.0,1.0,0.0,1.0,5
1245,85.0,58.0,40.0,5.0,14.5,10.0,0.0,1.0,1.0,2
1246,174.0,73.0,50.0,9.0,9.0,7.0,1.0,1.0,0.0,3
1247,90.0,65.0,45.0,7.0,12.0,7.0,1.0,0.0,1.0,5
1248,90.0,55.0,37.0,6.0,,7.0,0.0,0.0,1.0,8
1249,103.0,67.0,43.0,9.0,13.5,10.0,0.0,0.0,1.0,1
1250,93.0,61.0,43.0,6.0,14.5,7.0,0.0,0.0,1.0,2
1251,105.0,61.0,40.0,8.0,12.0,3.0,1.0,0.0,1.0,5
1252,125.0,68.0,48.0,7.0,3.0,15.0,1.0,1.0,1.0,1
1253,88.8,53.0,34.0,6.0,10.5,7.0,0.0,1.0,0.0,3
1254,116.0,77.0,45.0,10.0,6.0,7.0,0.0,0.0,1.0,6
1255,72.0,54.0,35.0,6.0,13.5,10.0,1.0,0.0,1.0,6
1256,95.0,65.0,46.0,7.0,12.5,15.0,1.0,0.0,1.0,2
1257,222.0,66.0,44.0,6.0,9.0,3.0,1.0,1.0,0.0,3
1258,150.0,76.0,45.0,10.0,9.0,5.0,0.0,0.0,1.0,4
1259,96.0,60.0,45.0,6.0,12.0,5.0,0.0,0.0,1.0,7
1260,138.0,66.0,44.0,9.0,4.5,2.0,1.0,0.0,1.0,8
1261,185.0,86.0,47.0,8.0,3.0,3.0,1.0,1.0,1.0,1
1262,260.0,110.0,56.0,15.0,12.5,3.0,1.0,1.0,1.0,2
1263,73.0,51.0,34.0,6.0,12.0,7.0,1.0,0.0,0.0,5
1264,100.0,60.0,39.0,9.0,,10.0,1.0,0.0,1.0,1
1265,115.0,66.0,37.0,7.0,11.0,7.0,1.0,0.0,1.0,8
1266,148.0,84.0,52.0,8.0,6.5,3.0,1.0,1.0,1.0,5
1267,90.0,66.0,43.0,6.0,15.5,5.0,1.0,0.0,0.0,1
1268,147.0,65.0,46.0,8.0,3.0,10.0,1.0,0.0,1.0,1
1269,112.0,72.0,50.0,9.0,17.0,10.0,1.0,1.0,0.0,2
1270,170.0,102.0,58.0,12.0,13.0,5.0,1.0,0.0,1.0,5
1271,190.0,87.0,62.0,10.0,4.5,5.0,1.0,1.0,1.0,8
1272,103.0,60.0,43.0,6.0,12.5,5.0,1.0,0.0,1.0,2
1273,137.0,83.0,48.0,12.0,15.5,10.0,1.0,0.0,1.0,1
1274,162.0,74.0,44.0,10.0,10.5,7.0,1.0,0.0,0.0,3
1275,73.0,51.0,34.0,6.0,12.0,7.0,1.0,0.0,0.0,5
1276,93.0,64.0,45.0,7.0,13.5,7.0,0.0,0.0,1.0,1
1277,97.0,68.0,46.0,8.0,12.0,5.0,1.0,0.0,1.0,5
1278,137.0,78.0,51.0,9.0,6.0,15.0,1.0,1.0,1.0,6
1279,178.79999999999995,95.0,57.0,8.0,10.5,15.0,0.0,1.0,1.0,3
1280,130.0,75.0,44.0,11.0,13.5,10.0,0.0,0.0,1.0,1
1281,116.0,75.0,51.0,9.0,3.5,5.0,0.0,1.0,0.0,7
1282,83.0,51.0,34.0,6.0,15.5,3.0,1.0,0.0,1.0,1
1283,82.0,54.0,35.0,6.0,9.0,10.0,1.0,1.0,0.0,4
1284,138.0,65.0,47.0,9.0,5.0,10.0,1.0,0.0,1.0,4
1285,102.0,58.0,44.0,6.0,10.5,10.0,1.0,0.0,0.0,3
1286,216.0,73.0,46.0,10.0,7.5,3.0,1.0,1.0,1.0,3
1287,115.0,64.0,45.0,7.0,,7.0,1.0,0.0,1.0,1
1288,85.0,59.0,45.0,6.0,,5.0,1.0,0.0,1.0,5
1289,110.0,76.0,45.0,10.0,12.0,5.0,1.0,0.0,1.0,5
1290,84.0,60.0,45.0,6.0,13.5,7.0,0.0,0.0,1.0,6
1291,110.0,76.0,50.0,8.0,13.0,10.0,1.0,0.0,1.0,5
1292,122.0,96.0,54.0,12.0,,10.0,0.0,0.0,0.0,6
1293,94.0,63.0,38.0,8.0,17.0,12.0,1.0,0.0,0.0,2
1294,105.0,78.0,44.0,10.0,13.0,15.0,1.0,0.0,1.0,5
1295,142.0,70.0,45.0,9.0,3.5,3.0,1.0,0.0,1.0,7
1296,105.0,60.0,43.0,6.0,17.0,5.0,1.0,0.0,1.0,4
1297,128.0,75.0,45.0,10.0,,3.0,1.0,1.0,1.0,2
1298,167.0,74.0,43.0,10.0,14.5,7.0,1.0,0.0,1.0,2
1299,100.0,65.0,39.0,9.0,17.0,10.0,1.0,0.0,1.0,2
1300,115.0,79.0,48.0,9.0,13.0,7.0,1.0,0.0,1.0,5
1301,94.8,55.0,40.0,6.0,10.5,10.0,0.0,1.0,1.0,3
1302,81.0,56.0,41.0,5.0,6.0,10.0,0.0,1.0,1.0,6
1303,153.0,66.0,43.0,9.0,5.0,10.0,1.0,1.0,1.0,4
1304,135.6,77.0,50.0,8.0,12.5,15.0,0.0,1.0,0.0,3
1305,138.0,79.0,47.0,10.0,7.0,10.0,0.0,0.0,1.0,4
1306,87.0,58.0,33.0,5.0,11.5,5.0,1.0,0.0,1.0,6
1307,72.0,64.0,43.0,7.0,6.0,7.0,1.0,0.0,1.0,6
1308,127.0,74.0,44.0,8.0,11.0,10.0,1.0,1.0,0.0,8
1309,125.0,80.0,45.0,11.0,12.0,2.0,1.0,0.0,1.0,5
1310,118.0,68.0,49.0,11.0,7.5,7.0,1.0,0.0,0.0,8
1311,114.0,68.0,44.0,8.0,10.5,10.0,1.0,0.0,1.0,7
1312,150.0,66.0,44.0,9.0,12.5,15.0,1.0,0.0,1.0,3
1313,115.0,62.0,38.0,9.0,17.0,7.0,1.0,0.0,0.0,2
1314,90.0,58.0,43.0,6.0,,2.0,1.0,0.0,1.0,6
1315,114.0,77.0,45.0,10.0,12.0,10.0,0.0,0.0,1.0,7
1316,130.0,109.0,51.0,16.0,13.5,10.0,0.0,1.0,1.0,6
1317,105.0,69.0,43.0,6.0,,5.0,1.0,0.0,1.0,4
1318,636.0,150.0,80.0,15.0,7.5,7.0,1.0,1.0,1.0,3
1319,130.0,77.0,53.0,9.0,7.0,8.0,1.0,1.0,1.0,4
1320,120.0,66.0,43.0,10.0,9.0,10.0,0.0,0.0,1.0,4
1321,150.0,108.0,56.0,15.0,11.0,5.0,1.0,1.0,1.0,5
1322,132.0,76.0,43.0,8.0,12.5,5.0,1.0,0.0,1.0,2
1323,120.0,74.0,53.0,8.0,10.5,10.0,1.0,1.0,1.0,7
1324,78.0,64.0,39.0,8.0,7.0,10.0,0.0,0.0,1.0,5
1325,93.0,62.0,37.0,8.0,12.5,10.0,1.0,0.0,1.0,2
1326,140.0,99.0,51.0,12.0,10.5,1.0,1.0,0.0,0.0,7
1327,415.0,152.0,80.0,17.0,3.0,5.0,1.0,0.0,1.0,1
1328,79.0,51.0,34.0,6.0,12.0,7.0,0.0,0.0,1.0,7
1329,98.0,75.0,50.0,8.0,11.5,5.0,0.0,0.0,1.0,6
1330,113.0,77.0,44.0,10.0,9.0,7.0,0.0,0.0,1.0,4
1331,92.0,64.0,39.0,8.0,12.0,7.0,0.0,0.0,1.0,1
1332,160.0,80.0,55.0,8.0,,15.0,1.0,1.0,1.0,1
1333,186.0,60.0,40.0,8.0,7.5,5.0,1.0,1.0,1.0,3
1334,83.0,60.0,42.0,6.0,12.0,7.0,0.0,0.0,1.0,8
1335,80.0,58.0,43.0,6.0,11.5,10.0,1.0,0.0,1.0,6
1336,370.0,111.0,60.0,13.0,8.0,5.0,1.0,1.0,1.0,1
1337,105.0,65.0,40.0,8.0,13.5,7.0,1.0,0.0,1.0,6
1338,118.8,58.0,39.0,7.0,7.5,5.0,1.0,0.0,1.0,3
1339,115.0,77.0,46.0,10.0,13.5,10.0,0.0,0.0,1.0,6
1340,145.2,80.0,45.0,13.0,,5.0,0.0,0.0,1.0,3
1341,165.0,100.0,54.0,12.0,6.5,3.0,1.0,0.0,1.0,5
1342,90.0,61.0,49.0,6.0,12.0,10.0,1.0,0.0,1.0,8
1343,276.0,103.0,51.0,14.0,14.5,15.0,1.0,1.0,1.0,3
1344,118.8,65.0,44.0,7.0,10.5,5.0,1.0,0.0,1.0,3
1345,78.0,57.0,37.0,6.0,13.5,10.0,1.0,0.0,1.0,6
1346,117.0,80.0,53.0,8.0,11.5,10.0,0.0,1.0,0.0,6
1347,125.0,80.0,47.0,10.0,12.0,15.0,0.0,0.0,1.0,7
1348,82.0,56.0,42.0,6.0,10.0,10.0,1.0,0.0,0.0,6
1349,210.0,71.0,45.0,6.0,9.0,1.0,1.0,1.0,1.0,4
1350,140.0,76.0,44.0,11.0,13.5,10.0,0.0,0.0,1.0,1
1351,83.0,53.0,34.0,6.0,12.5,15.0,1.0,0.0,1.0,2
1352,95.0,61.0,43.0,6.0,12.0,15.0,1.0,0.0,0.0,7
1353,141.6,63.0,37.0,8.0,14.5,5.0,1.0,0.0,1.0,3
1354,80.0,58.0,38.0,7.0,13.5,5.0,0.0,0.0,1.0,6
1355,110.0,74.0,45.0,10.0,12.0,15.0,0.0,0.0,1.0,7
1356,125.0,78.0,53.0,8.0,8.0,10.0,1.0,0.0,0.0,1
1357,175.0,70.0,40.0,8.0,3.0,5.0,1.0,1.0,1.0,1
1358,185.0,75.0,48.0,10.0,7.0,3.0,1.0,1.0,1.0,4
1359,169.0,68.0,40.0,8.0,3.0,5.0,1.0,1.0,1.0,1
1360,110.0,73.0,45.0,10.0,15.5,10.0,1.0,0.0,1.0,1
1361,96.0,63.0,38.0,8.0,12.5,15.0,1.0,0.0,1.0,2
1362,110.0,77.0,46.0,11.0,13.0,2.0,1.0,0.0,1.0,5
1363,163.0,115.0,66.0,15.0,13.5,10.0,0.0,0.0,1.0,1
1364,95.0,63.0,39.0,8.0,,1.0,1.0,0.0,1.0,2
1365,97.0,55.0,35.0,6.0,9.0,7.0,0.0,0.0,1.0,4
1366,127.0,119.0,68.0,15.0,15.5,10.0,1.0,0.0,1.0,1
1367,90.0,51.0,34.0,6.0,14.5,7.0,0.0,0.0,1.0,3
1368,130.0,82.0,54.0,8.0,3.5,10.0,1.0,1.0,1.0,7
1369,199.0,127.0,62.0,20.0,13.5,10.0,0.0,1.0,1.0,1
1370,245.0,85.0,54.0,12.0,9.0,7.0,1.0,1.0,1.0,4
1371,106.0,67.0,45.0,9.0,12.0,7.0,0.0,0.0,1.0,7
1372,185.0,80.0,53.0,9.0,7.5,15.0,1.0,1.0,1.0,8
1373,130.0,80.0,38.0,11.0,12.7,10.0,1.0,0.0,1.0,5
1374,108.0,64.0,40.0,9.0,12.0,10.0,0.0,0.0,1.0,1
1375,180.0,78.0,45.0,10.0,14.5,10.0,0.0,0.0,1.0,3
1376,100.8,58.0,43.0,6.0,14.5,5.0,0.0,0.0,1.0,3
1377,85.0,58.0,43.0,5.0,7.0,5.0,0.0,0.0,1.0,4
1378,80.0,61.0,44.0,7.0,12.0,5.0,0.0,0.0,1.0,7
1379,100.0,77.0,41.0,10.0,12.7,10.0,1.0,0.0,1.0,5
1380,420.0,90.0,62.0,12.0,10.5,5.0,0.0,0.0,1.0,3
1381,119.0,71.0,52.0,8.0,8.0,10.0,0.0,1.0,0.0,1
1382,180.0,71.0,42.0,8.0,7.0,15.0,0.0,0.0,1.0,4
1383,165.6,70.0,45.0,8.0,10.5,10.0,1.0,1.0,1.0,3
1384,80.0,56.0,37.0,6.0,12.0,10.0,1.0,1.0,0.0,8
1385,180.0,88.0,55.0,11.0,6.0,3.0,1.0,0.0,1.0,6
1386,92.0,60.0,41.0,6.0,14.5,7.0,1.0,0.0,0.0,2
1387,98.0,70.0,39.0,9.0,,2.0,1.0,0.0,0.0,6
1388,133.0,80.0,48.0,10.0,10.5,10.0,1.0,0.0,0.0,7
1389,160.0,68.0,40.0,9.0,9.0,10.0,1.0,1.0,1.0,4
1390,180.0,80.0,48.0,13.0,14.5,10.0,0.0,0.0,1.0,3
1391,162.0,74.0,48.0,10.0,7.5,3.0,1.0,1.0,0.0,3
1392,168.0,75.0,46.0,10.0,6.5,1.0,1.0,1.0,1.0,2
1393,210.0,94.0,59.0,11.0,12.7,2.0,1.0,1.0,1.0,5
1394,180.0,91.0,58.0,8.0,11.0,2.0,0.0,1.0,1.0,8
1395,115.0,78.0,44.0,10.0,12.0,7.0,1.0,0.0,1.0,5
1396,90.0,66.0,43.0,9.0,15.5,10.0,1.0,0.0,0.0,1
1397,94.0,63.0,39.0,8.0,14.5,5.0,0.0,0.0,1.0,2
1398,240.0,106.0,60.0,17.0,4.5,10.0,1.0,1.0,1.0,8
1399,164.4,70.0,45.0,8.0,10.5,10.0,1.0,1.0,1.0,3
1400,102.0,59.0,40.0,5.0,12.5,5.0,0.0,0.0,1.0,3
1401,105.0,67.0,48.0,8.0,13.5,15.0,1.0,0.0,1.0,6
1402,138.0,86.0,50.0,10.0,13.5,10.0,1.0,1.0,1.0,1
1403,135.0,82.0,46.0,13.0,12.0,5.0,1.0,0.0,1.0,5
1404,125.0,64.0,43.0,7.0,4.5,10.0,1.0,0.0,1.0,8
1405,120.0,77.0,52.0,9.0,10.5,15.0,0.0,1.0,1.0,3
1406,86.0,61.0,43.0,6.0,,15.0,1.0,0.0,1.0,6
1407,140.0,66.0,47.0,6.0,4.5,2.0,1.0,1.0,0.0,8
1408,92.0,63.0,39.0,8.0,14.5,5.0,0.0,0.0,0.0,2
1409,116.0,77.0,45.0,18.0,6.0,7.0,0.0,0.0,1.0,6
1410,150.0,97.0,63.0,11.0,10.0,7.0,1.0,0.0,1.0,6
1411,108.0,66.0,44.0,7.0,17.0,5.0,1.0,0.0,1.0,4
1412,169.0,85.0,45.0,10.0,13.5,10.0,1.0,0.0,1.0,6
1413,85.0,53.0,34.0,6.0,10.5,3.0,1.0,0.0,1.0,7
1414,141.6,64.0,43.0,9.0,,7.0,0.0,0.0,1.0,3
1415,93.0,62.0,38.0,7.0,17.0,3.0,1.0,0.0,1.0,4
1416,142.0,77.0,44.0,10.0,7.0,10.0,0.0,0.0,1.0,4
1417,124.8,72.0,48.0,9.0,10.5,10.0,1.0,0.0,0.0,3
1418,258.0,90.0,61.0,9.0,9.0,1.0,1.0,1.0,1.0,3
1419,105.0,66.0,40.0,8.0,12.5,5.0,1.0,0.0,1.0,2
1420,144.0,68.0,45.0,8.0,10.5,5.0,0.0,0.0,1.0,3
1421,135.0,72.0,45.0,10.0,14.5,2.0,1.0,0.0,1.0,2
1422,165.0,96.0,58.0,14.0,7.0,5.0,0.0,0.0,1.0,4
1423,105.0,72.0,43.0,10.0,13.0,10.0,1.0,0.0,0.0,5
1424,148.0,92.0,61.0,10.0,10.5,15.0,1.0,1.0,1.0,7
1425,181.2,86.0,54.0,10.0,10.5,5.0,0.0,0.0,1.0,3
1426,108.0,56.0,40.0,5.0,12.5,5.0,1.0,1.0,1.0,3
1427,100.0,77.0,50.0,6.0,3.5,3.0,1.0,1.0,1.0,7
1428,115.0,67.0,42.0,9.0,3.5,7.0,1.0,1.0,1.0,7
1429,174.0,80.0,49.0,11.0,12.5,10.0,0.0,0.0,1.0,3
1430,100.0,58.0,42.0,5.0,12.0,10.0,0.0,1.0,1.0,8
1431,220.0,77.0,49.0,10.0,,5.0,1.0,1.0,1.0,8
1432,100.0,57.0,40.0,6.0,8.0,5.0,1.0,0.0,1.0,1
1433,153.6,70.0,42.0,6.0,14.5,3.0,1.0,1.0,1.0,3
1434,162.0,86.0,58.0,9.0,12.0,8.0,1.0,1.0,1.0,8
1435,136.0,74.0,45.0,10.0,10.0,15.0,1.0,0.0,0.0,6
1436,98.4,58.0,35.0,11.0,12.5,10.0,0.0,0.0,0.0,3
1437,216.0,90.0,56.0,11.0,9.0,15.0,1.0,0.0,0.0,3
1438,106.0,76.0,46.0,10.0,13.0,5.0,0.0,0.0,1.0,5
1439,105.0,75.0,50.0,8.0,6.5,15.0,1.0,1.0,0.0,5
1440,195.0,110.0,55.0,11.0,12.0,1.0,1.0,1.0,1.0,7
1441,116.0,75.0,42.0,9.0,13.5,10.0,0.0,0.0,1.0,6
1442,93.0,59.0,44.0,6.0,7.0,5.0,0.0,0.0,0.0,4
1443,124.0,78.0,55.0,8.0,,10.0,1.0,1.0,1.0,1
1444,128.0,80.0,45.0,13.0,,15.0,1.0,0.0,1.0,5
1445,102.0,59.0,42.0,6.0,10.5,7.0,0.0,0.0,0.0,3
1446,145.0,90.0,52.0,9.0,12.0,15.0,1.0,1.0,0.0,7
1447,113.0,69.0,47.0,8.0,17.0,3.0,1.0,0.0,1.0,4
1448,112.0,77.0,45.0,10.0,17.0,10.0,0.0,0.0,1.0,2
1449,135.0,76.0,44.0,9.0,5.0,7.0,1.0,1.0,1.0,4
1450,155.0,85.0,47.0,11.0,12.7,5.0,1.0,0.0,1.0,5
1451,186.0,73.0,49.0,9.0,10.5,15.0,1.0,1.0,1.0,3
1452,150.0,67.0,39.0,8.0,12.0,5.0,1.0,0.0,1.0,8
1453,80.0,60.0,44.0,6.0,13.5,7.0,0.0,0.0,1.0,6
1454,108.0,58.0,42.0,6.0,10.5,15.0,1.0,1.0,1.0,3
1455,130.0,79.0,45.0,10.0,,5.0,1.0,0.0,1.0,5
1456,150.0,78.0,60.0,11.0,14.5,10.0,0.0,0.0,1.0,3
1457,86.0,56.0,42.0,5.0,6.5,5.0,1.0,1.0,0.0,5
1458,214.8,65.0,45.0,8.0,9.0,5.0,1.0,1.0,1.0,3
1459,108.0,80.0,52.0,10.0,12.0,10.0,0.0,0.0,1.0,7
1460,93.0,58.0,42.0,6.0,,5.0,0.0,1.0,0.0,7
1461,165.0,79.0,53.0,9.0,8.0,15.0,1.0,1.0,1.0,1
1462,77.0,59.0,38.0,6.0,,10.0,0.0,1.0,0.0,7
1463,80.0,58.0,38.0,6.0,,10.0,1.0,0.0,1.0,5
1464,250.0,100.0,50.0,15.0,12.7,5.0,1.0,0.0,1.0,5
1465,125.0,62.0,42.0,10.0,12.0,10.0,1.0,0.0,1.0,1
1466,170.0,100.0,57.0,14.0,12.0,10.0,1.0,0.0,0.0,5
1467,94.0,64.0,38.0,9.0,12.0,11.0,0.0,0.0,1.0,7
1468,165.0,87.0,51.0,12.0,12.7,6.0,1.0,0.0,0.0,5
1469,192.0,80.0,52.0,9.0,7.5,7.0,1.0,1.0,0.0,3
1470,108.0,62.0,46.0,8.0,14.5,15.0,0.0,0.0,1.0,3
1471,101.0,59.0,44.0,6.0,17.0,10.0,1.0,0.0,1.0,4
1472,91.0,60.0,44.0,6.0,14.5,7.0,1.0,0.0,1.0,2
1473,86.0,56.0,34.0,7.0,7.5,10.0,0.0,0.0,0.0,8
1474,204.0,75.0,48.0,7.0,7.5,3.0,1.0,1.0,1.0,3
1475,100.0,68.0,53.0,6.0,12.0,10.0,1.0,0.0,1.0,7
1476,156.0,60.0,42.0,7.0,9.0,10.0,1.0,1.0,0.0,3
1477,170.0,92.0,62.0,18.0,6.0,7.0,1.0,1.0,1.0,6
1478,117.0,77.0,44.0,10.0,,3.0,1.0,0.0,0.0,2
1479,73.0,54.0,35.0,5.0,10.5,3.0,1.0,1.0,0.0,7
1480,109.2,60.0,45.0,6.0,10.5,5.0,0.0,0.0,1.0,3
1481,74.0,51.0,35.0,6.0,13.5,10.0,1.0,0.0,0.0,6
1482,90.0,60.0,42.0,6.0,17.0,3.0,1.0,0.0,1.0,2
1483,83.0,64.0,42.0,9.0,17.0,10.0,0.0,0.0,0.0,2
1484,100.0,75.0,45.0,10.0,12.0,10.0,1.0,1.0,1.0,5
1485,133.0,83.0,45.0,10.0,,10.0,1.0,0.0,0.0,5
1486,270.0,82.0,49.0,13.0,8.0,15.0,1.0,0.0,1.0,1
1487,162.0,81.0,44.0,10.0,14.5,7.0,0.0,0.0,1.0,3
1488,147.0,77.0,44.0,10.0,13.0,2.0,1.0,0.0,1.0,5
1489,162.0,75.0,52.0,12.0,3.5,5.0,1.0,1.0,1.0,7
1490,86.0,59.0,42.0,5.0,11.5,10.0,1.0,0.0,1.0,6
1491,122.4,58.0,40.0,6.0,10.5,5.0,1.0,1.0,0.0,3
1492,145.0,75.0,45.0,10.0,7.0,15.0,1.0,0.0,1.0,4
1493,110.0,74.0,44.0,10.0,13.0,7.0,1.0,0.0,1.0,5
1494,115.0,75.0,42.0,8.0,12.0,15.0,0.0,0.0,1.0,7
1495,132.0,76.0,45.0,10.0,14.5,10.0,0.0,0.0,1.0,3
1496,98.0,74.0,44.0,10.0,12.0,15.0,1.0,0.0,0.0,7
1497,93.0,78.0,46.0,10.0,12.0,15.0,0.0,0.0,1.0,7
1498,138.0,65.0,44.0,9.0,4.5,2.0,1.0,0.0,1.0,8
1499,110.0,77.0,40.0,12.0,12.7,15.0,1.0,0.0,1.0,5
1500,120.0,74.0,44.0,10.0,12.7,10.0,1.0,0.0,1.0,5
1501,125.0,78.0,44.0,13.0,12.0,5.0,1.0,0.0,1.0,1
1502,87.0,61.0,42.0,9.0,13.5,10.0,1.0,0.0,1.0,6
1503,90.0,54.0,42.0,6.0,17.0,10.0,1.0,0.0,1.0,4
1504,103.0,75.0,45.0,10.0,12.0,5.0,0.0,1.0,1.0,5
1505,162.0,65.0,38.0,8.0,7.5,10.0,1.0,1.0,1.0,3
1506,147.0,76.0,46.0,10.0,12.0,3.0,1.0,0.0,1.0,8
1507,88.0,64.0,46.0,7.0,17.0,15.0,1.0,0.0,0.0,2
1508,89.0,60.0,43.0,6.0,15.5,5.0,1.0,1.0,1.0,1
1509,125.0,85.0,46.0,10.0,12.0,5.0,0.0,0.0,1.0,7
1510,127.0,74.0,45.0,11.0,12.0,10.0,0.0,0.0,0.0,1
1511,145.0,73.0,43.0,11.0,9.0,10.0,0.0,0.0,1.0,4
1512,96.0,76.0,53.0,8.0,6.0,10.0,0.0,1.0,1.0,6
1513,108.0,57.0,38.0,6.0,7.5,6.0,1.0,1.0,0.0,3
1514,150.0,74.0,48.0,12.0,12.0,5.0,1.0,0.0,1.0,8
1515,140.4,79.0,45.0,13.0,14.5,7.0,0.0,0.0,1.0,3
1516,97.0,80.0,48.0,8.0,13.0,5.0,0.0,1.0,1.0,5
1517,135.0,72.0,46.0,8.0,10.0,5.0,1.0,0.0,1.0,6
1518,87.0,56.0,35.0,6.0,12.0,7.0,1.0,0.0,1.0,8
1519,85.0,57.0,39.0,6.0,,7.0,1.0,0.0,0.0,6
1520,128.0,77.0,47.0,12.0,11.0,7.0,1.0,0.0,1.0,5
1521,110.0,76.0,45.0,10.0,13.0,10.0,1.0,0.0,1.0,5
1522,125.0,79.0,56.0,8.0,7.5,10.0,1.0,1.0,1.0,8
1523,115.0,60.0,39.0,6.0,4.5,10.0,1.0,0.0,1.0,8
1524,150.0,66.0,47.0,9.0,7.0,3.0,1.0,0.0,1.0,4
1525,112.0,75.0,45.0,10.0,12.0,7.0,1.0,0.0,1.0,5
1526,170.0,80.0,45.0,13.0,12.0,10.0,1.0,0.0,1.0,8
1527,115.0,76.0,45.0,10.0,,15.0,0.0,0.0,1.0,7
1528,105.0,73.0,45.0,8.0,11.0,10.0,1.0,0.0,0.0,5
1529,135.0,81.0,48.0,8.0,15.5,7.0,1.0,0.0,1.0,1
